redshift,dL_planck,erro_planck
0.50349,3051.2299514130805,21.468927101533044
0.4952,3058.559910609512,19.75839341689775
0.6782,4876.040985666649,39.4707477340299
0.8672,5487.010370691489,39.52131772973631
0.7992,5399.830207778076,40.87380905866529
0.37129,2243.388329378935,19.945292120553567
0.35568,2028.605751157975,17.945444331913436
0.28391,1523.8221107377904,13.680687339355716
0.46691,3374.457546666806,29.013620044523446
0.94791,4126.862636711391,41.92842069299782
0.69391,4313.604780345863,37.90250669012441
0.89791,6415.743686547439,44.55528716322727
0.78991,5284.138882403395,39.642732397629494
0.59091,3555.0835382130463,32.87039893186362
0.2102,1061.593821529456,10.398449298631794
0.8592,4361.458798572816,31.770439738497497
0.5592,3168.538805229308,23.330422707071964
0.9972,7448.679840932491,44.39762154262075
0.5834,3792.326402339763,24.525531513116587
0.7972,3738.213341865737,29.0743314621324
0.9142,6547.100129032757,39.12330722930425
0.94921,4908.740241786397,38.73776309681937
0.7342,4678.057948566731,31.11626369260551
0.7662,4599.171930420326,32.67121673861306
0.9842,7141.995700041208,47.950285394904064
0.7012,4112.019640546471,32.08575665669888
0.83716,5034.631880155898,50.45167107028421
0.37016,2100.253595770687,18.11585751164868
0.35816,1917.0703111653893,15.360442474192013
0.52216,3331.3558111336893,24.76395991531035
0.70116,3649.861127273639,35.977078115508995
0.74526,4259.7984108993,32.811072069442965
0.59116,3579.9039213801484,24.00675685494785
0.62039,3741.817284926446,24.522680872808657
1.0024,6626.913614166111,54.493733849902746
0.6104,4038.969231483533,25.387427459355578
0.35819,1926.893758640959,14.556055358985681
0.45138,2295.718000233152,17.151398688266404
0.55239,2903.0698855440214,20.187882553639238
0.75039,4185.327567841111,33.47650968252891
0.82238,5882.421717594725,35.32415626373834
0.95039,7963.361585188062,50.07081195263716
0.34039,1904.2120859316783,14.548224710039735
0.8104,4604.582915820061,40.08517124980107
0.61191,4113.390128504219,34.135104301867045
0.54891,2841.50339784294,24.427044549343698
1.02991,7649.542845527282,48.57346849549977
0.42291,2384.0826503918033,18.124733119841483
0.70191,4872.484682190678,33.50987692662609
0.68591,4232.6086967768815,37.06718801162186
0.93291,8094.568554781599,47.04531954042839
0.74991,4278.472689496915,31.117745970963767
0.46891,2840.281153574398,19.562806968599155
0.95991,8284.073553885972,50.932196494476955
0.8412,5711.687260424691,39.70309516907014
0.5632,3355.7792252270233,22.18294960467084
0.8292,7197.280631245879,44.01150444272233
0.57921,3421.2032546639593,21.565637050873615
0.8652,6373.990209438608,39.10185290992614
0.8592,4786.188638918107,39.034727510967585
0.58621,3853.030013939924,28.346387765439513
0.4892,2939.3181127073944,20.281152147967077
0.68921,4250.003638406144,30.770823144776678
0.32416,1813.6346019674954,14.105008675806706
0.18516,962.6946731167923,9.517206530329451
0.68116,4517.450723911757,31.678010503413173
0.92116,6011.131722752756,45.69285735099722
0.42816,2734.4187747149904,21.40408225465806
0.69916,4296.514646535525,38.66414397419675
0.57516,3542.4899800867274,27.481447550904203
0.51116,3557.094938195789,24.29593500135401
0.64116,4313.925259587715,30.16474216217261
0.35116,2187.5760591569897,18.09346097651269
0.34916,2116.3841894922484,17.360388186079177
0.35486,2195.9648984687174,18.832815341183686
0.87116,6516.206578905822,35.95325796168978
0.92516,5793.464549986088,44.951391881026574
0.4194,2554.2311296140765,20.09338123917756
0.89038,6277.591721482091,44.21766242885809
0.48038,2810.1841043198215,19.336980165570505
0.58038,3672.681028540698,32.423598827897685
0.80538,4030.7165700499695,34.12602546885811
0.66438,4669.25345700995,31.29669518700162
0.74538,4973.040950051543,32.46775233071741
0.7364,4832.845966608596,29.674665439078485
0.37039,1994.9688162793436,15.96788626681713
0.85039,6633.5821876282,36.78860085932236
0.21938,1161.1800044228723,10.875660834560046
0.64739,3826.4364124679714,26.78824365526476
0.60038,3466.6034146445363,29.72809494616334
0.76039,4466.49603409891,32.57338559060616
0.47039,2911.775700279653,19.608331484744532
0.49791,2980.141777124161,24.020560877083135
0.50791,2963.2909838406226,21.77675714095188
0.58791,3678.477558299189,27.035569449113083
0.69992,3920.8354657055424,30.350685387494586
0.76191,4769.284039254001,32.379611212836096
0.78891,5774.501400798191,33.92905578821728
0.40591,2561.790377315943,17.74739318062507
0.80892,6561.236558384351,44.08964912574036
0.58392,4009.75815648267,25.653104728481324
0.72091,4666.131274279629,34.44867818155036
0.83791,6402.874559700075,38.37196504479757
0.80691,4650.564550355052,39.782051418583734
0.50016,3140.0947305333048,25.996377311629598
0.53316,2858.675569645826,27.16393598454086
0.82116,5705.727583216477,55.67539902678255
0.12516,615.0929719173071,7.750965036236965
0.44316,2545.2933344881985,21.559069191130746
0.68339,4638.141852239259,47.03163305079425
0.72639,4646.6057089681635,33.740242670429716
0.40439,2414.167590301571,16.317856766242528
0.69038,3532.0016748708126,31.30660172850667
0.57639,3514.054302409235,22.957346415953076
0.72039,4588.731434644136,36.587012080828984
0.55091,3393.6655856940397,23.634688787572635
0.8489,6605.841594481091,50.39005312552824
0.43591,2333.076960364334,16.47754102746549
0.30191,1757.5587372969376,13.239625821356713
0.58119,3937.195874790715,29.208693730916895
0.34621,2084.6719254145974,16.326853865779622
0.3312,1776.4598329134153,15.007318230086474
0.44939,2898.649887979002,24.348231229876404
0.2916,1542.6953943809006,14.684500080194352
0.46109,2785.6221248609068,31.211555154469174
0.63291,4149.9582008638845,34.39498977354294
0.26891,1356.1588287021711,12.278726315797456
0.92591,6607.320573926431,51.88746246877447
0.62591,3923.145560966065,25.791292025092584
0.60891,3871.99689882812,25.810674628020298
0.57891,3425.965886817353,28.290413779886286
0.7202,4325.728859549494,35.96364642512783
0.7672,5950.4807165198945,36.62760932105379
0.3682,2222.462732707491,15.107473311326867
0.8492,5647.927111647676,36.41661218131264
0.77721,4170.453684211083,32.29494894748727
0.58421,3549.1463447713413,20.736907090850625
0.5892,3549.1957229896534,25.464404935481102
0.7692,4372.214205458085,34.21059043096827
0.5142,3252.744239780044,23.7675373864563
0.63821,3060.3519847974335,30.568662117809136
0.43521,2571.457468792818,21.12935234009494
0.58421,3843.5753373118628,29.425410816306115
0.66259,3977.246617628657,33.78507855342178
0.62116,3656.932755726707,34.65350993857664
0.41616,2495.0687808072603,18.551850626301995
0.45117,2290.5151472180996,19.52900405382128
0.73316,5361.820451066339,43.52395451495836
0.74116,6874.905716626097,47.87368122453953
0.34916,1749.7261522412173,15.154214757815106
0.51416,3459.461161380962,25.487882059823303
0.64339,3991.8887550075115,29.683913878058668
0.4704,2510.442091891879,19.2019631810998
0.26338,1341.4624799256621,12.237925244716488
0.7424,4447.462612230475,36.281223878664555
0.91039,6878.644687607837,46.927654689047316
0.3374,1880.4510312608597,14.392392409860143
0.98339,4727.677945632308,41.169052958057115
0.81338,6066.471908006655,37.82017947468825
0.8174,5978.923366188043,42.023623622545095
0.96038,4765.218895271994,39.9789826395771
0.75639,6389.56081558584,38.40661856915843
0.87891,6973.706561901579,46.04973139197934
0.80991,4693.758204031294,35.116314494460035
0.62791,3657.5968887296467,25.643055383232767
0.93491,5608.259494703012,49.8678483316854
0.69791,4932.612072330086,32.32834170660497
0.76791,6932.491714279646,47.99385436112238
0.86491,5608.655481730608,41.17343717735075
0.51491,3219.344523769041,21.761535012196312
0.47091,3164.8371910036885,24.504248720214928
0.92891,7031.0884073276375,49.1486143115567
0.6312,3575.8267644319,26.04833229971701
0.6162,3660.075505298474,26.862881794189832
0.5652,3597.302628504767,26.210509756268177
0.55819,3383.220031754028,24.134437389804777
0.7362,4764.329013366447,36.443023152191714
0.2622,1317.7107708119952,12.992516154774947
0.7622,4649.63965751152,32.25552778748255
0.8592,7048.0219540201415,51.44056840586298
0.5592,3884.374169700846,29.975604008665144
0.48016,2810.554330033737,18.900421409255422
0.92116,4545.898227961847,43.133624699669426
0.47516,2777.9607951982766,19.140928603999
0.89216,6192.989137461817,45.58670553596524
0.63116,3015.2834708814207,25.799895531291813
0.73516,4266.89728508686,38.734099880755494
0.41816,2342.364076970336,18.774949289020707
0.53516,3105.0998604154706,25.884611904179376
0.73416,5189.589856491675,36.57802694668002
0.60916,3712.1612208191827,31.365444739010545
0.70116,4300.906408521732,32.77957737128004
0.98216,6513.865854598809,46.03324157273534
0.75816,5002.374277043489,35.150117092532845
0.64339,4088.4234242798234,36.52083221691074
0.51539,3436.2362877403457,35.76005641683002
0.80538,5685.454088667917,36.66767939019028
0.80039,3437.009063920908,28.520491855873576
0.71538,4429.563114438103,33.26178207038236
0.76639,4997.484747479526,39.41603371295165
0.90139,7224.220121960548,45.59994427013392
0.71839,4646.277228459892,29.629899774804237
0.57938,3465.55075708276,24.42071844006954
0.96038,8174.412623375137,45.409835089187425
0.64839,3559.3889391541256,26.078345352970803
0.93639,5882.254899721032,37.886355442144314
0.46138,2798.932669846968,18.562529197564647
0.67039,4172.223129191908,36.25407378038999
0.24639,1347.1593497667734,14.241305976031686
0.63892,3553.1948388071323,34.65503646247011
0.53591,3471.0991554309594,21.881471047117525
0.77391,5946.091834955387,42.39506374577365
0.37091,2110.9181885740168,14.845107448980514
0.69992,5098.403821256873,34.83569557888349
0.37391,2168.3103691001447,16.260793545617698
0.85391,4969.521709214549,36.013369474183264
0.60392,4008.43427801379,27.53627879002334
0.53491,2906.0613331851146,21.761253574212606
0.40091,2212.5088773092916,16.85000747869677
0.37191,2151.5960177500174,15.633726836839603
0.84091,4332.595223391007,44.69249841096831
0.53216,3237.8649612185495,25.229531246790266
0.93116,5258.755679386651,56.65053990857459
0.55316,3516.4303744390504,29.84524411309873
0.84116,5779.409485020369,51.18413607702691
0.72739,4733.399682028742,39.17080593226444
0.44238,2696.8479703249545,20.16449243435496
0.2824,1618.6490418219398,13.081547462351416
0.5194,3385.0500497247417,20.905671029656343
1.06039,6432.063873080047,41.289255823917586
0.26838,1390.623146089001,11.51559468276787
0.2504,1364.5329380980675,12.72371196806488
0.69892,4620.199318732723,39.46521415686975
0.73091,4047.438764019806,31.418494779692114
0.99891,6566.594691804355,39.659461427013994
0.40991,2406.815757625344,16.711353128553974
0.12694,658.2049295420605,12.270179742675863
0.25609,1371.4232430169905,24.945964926184956
0.08848,418.6578023014505,6.762380713430795
0.11797,556.3141108921893,8.052304722089305
0.18322,907.5981074204868,13.401278900041186
0.1407,742.8917254473827,13.020128680108465
0.15186,738.2368006258598,10.201705495187236
0.09401,485.9191756021403,8.947692903590909
0.28662,1783.327301416602,25.836878926141132
0.26349,1658.6138856102395,20.49579616352311
0.1431,726.8329683061716,10.015268164753675
0.16035,791.7813910257962,11.565358360530896
0.12303,592.9683395692259,10.645782957689413
0.12608,573.9023931553256,9.098569552951199
0.17315,841.1952441385791,11.379930852455256
0.16431,783.5770443320016,11.35196608290695
0.1599,750.2573391183167,11.013729731873694
0.24448,1214.4383354736274,16.93186971485197
0.24835,1238.015260896081,17.434352533222267
0.27544,1421.614838486106,22.229647763155533
0.33051,1794.6076326423772,27.498435578891538
0.33103,1559.4695801829848,26.496784935033592
0.16059,761.307631874825,10.594102100577793
0.21887,1127.938947282718,17.766022585693747
0.11991,581.020688098257,8.234972100554856
0.17839,1078.6580408668276,17.33713975335883
0.27923,1616.5447698079008,22.0470196555839
0.18581,983.4186278293037,14.502066306229743
0.06651,313.8997461313634,6.341165645873596
0.258,1317.5088863315395,22.89341959004552
0.2798,1260.279545949424,21.468756981278094
0.26576,1434.975887045749,19.503925161966222
0.185,965.5202580137457,12.985205012365595
0.05631,267.04136568625415,5.56746434934499
0.3264,1740.1447548558667,28.709669473863485
0.10886,554.21640925943,9.03177943891483
0.20323,1064.133064263533,17.131495812777562
0.37986,2206.04903154126,33.822787343363814
0.2116,999.6356503719518,15.171937536626666
0.21353,1114.712311104484,18.513786634215297
0.14409,721.2255065859421,12.148972314646938
0.25249,1302.1761747361058,22.74592994128702
0.25672,1341.782393862301,23.168993686143722
0.21885,1308.984016351951,19.693168210975873
0.07891,399.6575685970762,9.044755567060102
0.08282,441.2404775511182,8.528600369704392
0.17028,904.6147940339655,12.408863442206286
0.2367,1143.5377235816877,19.935142905741717
0.30569,1308.4112471127157,25.555177766747708
0.08254,395.6242488860064,6.621859537571639
0.18891,852.6074919114644,13.691620703246922
0.08141,393.76289370235,6.580369860153447
0.25655,1402.8546360240755,24.672059654088596
0.12622,656.2108701929628,12.735774474934205
0.10264,545.66428107149,9.414722921538411
0.12455,625.8428033079815,9.092149091944734
0.37046,2518.216521077817,36.99565601858216
0.20215,905.2731160197975,13.32202339195043
0.1799,1046.9259713867589,18.724716844173674
0.1618,939.514729357652,15.803540368207543
0.22669,1144.6893939344147,17.677279184235054
0.29683,1542.5443955815394,23.357969994844684
0.25029,1532.7911154385636,20.526166286442844
0.14882,761.1378865889849,10.764708118005212
0.14729,708.4059246169999,9.491144985875987
0.21513,1330.9924924532813,19.823317861096687
0.14478,698.6361034241013,11.453892812361401
0.13243,749.9198950027782,10.959275186811585
0.21975,1197.7721461838812,16.709221540506597
0.38492,2566.649896201336,31.76795019598008
0.174,941.9270801538614,12.484367913868008
0.17789,897.4752903058298,12.150960444728756
0.29936,1380.780401113858,20.115006249003507
0.11845,625.9934393346502,9.477093501609541
0.17653,916.1061982896266,11.431784495849918
0.24552,1339.5859387955832,23.066241400356592
0.19611,1013.7623342377336,13.95397848715049
0.24852,1279.2141321012114,17.63960663225894
0.30632,1741.2130784464578,26.74599360663407
0.24637,1435.7335610475998,19.761674099234575
0.13514,767.080681336322,11.534332317631781
0.21054,1030.3064237763622,15.040061789252526
0.2363,1377.865340664828,17.677077902291167
0.17851,921.453303655063,13.162818070907742
0.22068,1012.8612303059971,16.613360215272472
0.31494,1691.316442514696,26.852825878803888
0.18443,999.9770391167879,14.127009412359918
0.26129,1209.9985327080879,20.393893565809424
0.18123,949.1627139642486,12.270257780517024
0.38048,1700.563866222457,29.08391231337238
0.18481,965.7879226582598,13.032787242098497
0.20847,1077.3845346311505,15.0200872288404
0.17706,885.9133249162298,12.781863657582665
0.31582,1682.9279711194993,25.54010545949728
0.24973,1446.796373992625,17.577743566679963
0.20368,1061.7852534699155,14.753673917689014
0.12336,598.1809280238422,8.912662476222
0.20318,1076.4335309651224,14.287916471394983
0.15339,826.1083563440553,11.571870138561554
0.33439,1947.92280355296,28.915178134646286
0.1958,1174.858771414419,18.042475156321224
0.24973,1376.4087756061772,19.841961159544642
0.15509,811.9587144474598,13.294245358399117
0.15596,773.5254009705775,12.150022419033816
0.15837,712.7519661170496,16.00488158672218
0.30938,1446.7853849939454,25.376453555983847
0.24857,1343.8145318876973,20.123162522685462
0.18507,918.4650431644799,17.357122731018453
0.18376,986.8004210981144,15.132755013931849
0.18079,915.2190741865035,16.232158530699493
0.17696,904.4244936488228,15.922872736579555
0.17768,893.1827535373801,13.83846073601875
0.07153,328.83425535288643,9.03840248499684
0.13811,687.9180947431771,10.288244466033856
0.1696,975.9712321924582,16.068211625486626
0.24555,1009.8960140233286,17.56174422303945
0.14387,719.9976852887811,9.677253300079403
0.25191,1440.3825450153734,20.63775533538048
0.03652,174.96032264832942,4.485534974030782
0.27749,2080.820079855962,31.494965875841125
0.28746,1518.4481030126158,23.746958193716516
0.19867,1086.3195014546263,16.05740317380225
0.15999,795.0918540394315,11.338618517767774
0.21075,1279.529849002827,17.958737966861175
0.23775,1323.0556484890442,17.27930929059848
0.15517,838.657358182373,13.013685831790657
0.09391,498.9696346441531,8.946397105587222
0.15271,811.3540840283131,12.227454270188597
0.25722,1409.377966430065,19.806851373943516
0.21226,1081.7218872422447,14.9360576696695
0.2454,1256.0766664501996,16.48921352518916
0.13696,697.0605680302181,10.68457155299118
0.32569,1723.18113046224,30.501892517227166
0.10638,515.8607664752286,8.118815047190196
0.40127,2303.679005107662,34.83171715835683
0.18931,928.1507908169331,16.334671810143824
0.19726,967.7271492853333,12.919199197812386
0.12837,651.7670678960582,10.74067110078564
0.12262,606.91865362356,8.733450726409213
0.12715,648.9913212199847,9.575437801343053
0.21323,975.3457266856828,16.384998839847473
0.21099,1067.1761463215682,14.936053687746412
0.26856,1507.2713353588,22.680234145264844
0.20453,1099.5000155819343,14.656898648770959
0.2701,1457.3190876628632,18.68911769674786
0.24185,1449.4703501219478,22.05364799635143
0.29114,1301.809186088045,21.726991321613514
0.35346,1735.4378100125791,28.59046241694213
0.28543,1775.1635050042346,26.240801658669938
0.21955,956.9603505830895,17.366840550058374
0.17558,910.0563467748588,13.369425135679997
0.23542,1142.5355678096116,17.702062022647567
0.15325,784.5092191053342,11.662649029787177
0.21005,1047.75218191045,18.69784495394394
0.29135,1567.6360836296606,23.26735413276911
0.31376,1729.82232912671,25.0640555632061
0.13687,683.4938016412215,10.880987179467269
0.29567,1375.7828796183658,24.9284122826644
0.30394,1584.098683839599,23.913015542614943
0.20557,1107.9911358538109,16.762096390052907
0.1219,599.9835503692738,9.719516656149349
0.17428,856.2323344140316,12.883688161655336
0.24883,1378.224127552489,18.94254947941014
0.24558,1259.0232357014943,20.432330544452718
0.13833,707.3727112055124,12.245449886925687
0.24315,1357.8636642504189,15.782243030802764
0.24267,1286.7582544173522,22.33525820161031
0.31468,1621.7545518373145,25.263987953180894
0.27573,1607.2301327218038,24.212550086625736
0.30041,1256.9280067335824,25.955703204652167
0.21728,1141.6584677711212,23.54006533632205
0.20335,1061.254374116905,17.833248741299172
0.19025,873.7321632886548,19.738281787740945
0.29021,1516.188122831908,26.908024430783513
0.22786,1154.9746537080148,20.43626946156102
0.31065,1705.7702459262887,25.662618875044988
0.13729,818.5894734291121,14.020700419490176
0.08784,431.60114580291713,8.978521178281216
0.08504,426.8554334368777,8.42907375509635
0.19009,1082.6735038788559,15.021927329659427
0.09227,463.8209205622538,8.40734483123128
0.12903,641.0970360445378,10.862013668095997
0.26166,1384.8450701753077,21.392982665794094
0.26162,1748.2736790937613,25.96290059863305
0.19422,1001.984272510464,15.982717721423812
0.14703,774.2128085583805,10.524847625765227
0.21179,1228.484704732742,21.953598843779986
0.17958,880.4163050460896,12.496773528629966
0.19029,1094.3295391881404,15.512552808248307
0.3388,2104.8007720023834,30.566424829851744
0.11741,597.3646006014806,8.709173749512011
0.2889,1592.413905009145,24.27007137042272
0.26405,1364.3631504368661,20.549854649285212
0.24961,1590.0670293114006,20.82750992965779
0.22967,1218.2382091166803,16.239084190844324
0.08543,416.3257888087494,6.557648489198901
0.27656,1497.8593232465475,24.855047531849102
0.36193,1996.3226316480573,31.517549371948245
0.30021,1546.0089489106829,24.62901890414395
0.11635,597.9749683213504,9.024157692646506
0.15492,847.3411876966233,11.807904277363559
0.25037,1508.8218576724203,21.1245397306104
0.25174,1301.6729319749177,17.49553379450082
0.12928,629.0172016834113,9.418378222237552
0.30929,1832.3875148223012,31.230406710100755
0.29888,1823.1240325277415,29.25823912056133
0.27091,1357.4601367785601,25.72944555759398
0.29353,1524.5372973766039,25.23841672534572
0.18979,926.5013414262703,15.777332729027798
0.12376,594.324725307888,8.904093758975511
0.31288,1710.7380617921576,25.736780103892066
0.30915,1885.6417071200922,28.17159054614052
0.20267,1012.8021443198844,16.73165342110125
0.21163,1014.4525249692178,13.599778677240803
0.1789,929.6088596172308,14.377095974541689
0.30354,1599.0032963609028,25.41198571980127
0.21457,1163.4465810324155,16.17487526224954
0.32045,1923.855441323248,26.88416457476488
0.21835,1165.2996530780993,17.860195240566032
0.07489,358.5978957046549,6.3658159636501965
0.2576,1371.6275430101423,21.229231721414948
0.18468,857.0980927369206,14.468905770149826
0.11628,568.7021682962953,9.199977886050192
0.06426,296.90050709770605,6.8545243485011165
0.10288,545.235763201903,9.032876795107555
0.04397,190.31149000912865,7.017774866323495
0.16595,740.0773385466431,12.930487484563313
0.16817,805.6352814176262,14.188316080467194
0.17063,791.8562629638874,13.706321772514444
0.12042,617.5536946523954,10.259951944441594
0.13868,714.3136538048373,14.113348247373267
0.2338,1276.7563500268682,21.49661407606041
0.24643,1233.365962163594,20.177204870715016
0.22286,1264.674316722827,21.28041791259181
0.17915,864.5865995027222,14.444242339604832
0.19718,1098.6097850835902,15.238864923007219
0.22916,1210.1680987337727,18.66062613487927
0.26451,1480.6265655885381,25.814017799217304
0.10337,528.8176257584231,7.921162779651737
0.21338,1117.2894606681266,15.906591456797228
0.15653,762.5239352012075,10.77370489709161
0.2434,1224.4240220813,22.367130622016756
0.23652,1410.294822756901,21.057367296493908
0.20852,1092.4781991383427,15.698619126563681
0.25104,1280.3089283933411,22.576602341084783
0.22534,1246.9604434131606,17.706626949486143
0.28742,1794.402212248625,23.488797131707297
0.32984,1698.0256879494889,26.261778967251185
0.24603,1344.5216190085125,16.5890238155414
0.11966,655.165708513689,10.580869774017192
0.32931,2061.2029805221614,33.36334270641992
0.21082,1055.3693068834903,15.004795029125788
0.20308,1079.182592721765,13.366163471903075
0.28436,1391.000046810751,21.179332084986143
0.18037,840.4496721685939,11.419997376452871
0.2607,1567.8945640494208,21.36391101024171
0.14792,742.8749088024807,9.908195044885336
0.32793,1606.9150060436734,24.264259244435348
0.24206,1576.1845244158296,21.588173701216498
0.22334,1205.777504464454,16.59176083846855
0.1828,1016.6314270423094,15.986343539642446
0.15304,830.3491403884676,10.920739752496221
0.13818,688.1435741945661,9.917160384177137
0.20735,1102.8710091152855,22.01579521805647
0.20313,1060.2595231909906,14.969293568269686
0.19801,940.2253403101113,14.472872578394096
0.22256,1192.474143958342,16.659497435717473
0.2734,1360.3245415631282,21.328841520576052
0.18651,1012.5355184197518,13.793074777751608
0.15935,732.7827445342265,10.585437222490668
0.21935,1178.3951297387378,15.878485721136826
0.17373,991.1732027086542,14.213523535921848
0.24436,1116.2318421399505,18.035095914416885
0.13353,664.1895312823737,8.960992034017053
0.28332,1494.6236087992763,20.896543519686137
0.17383,859.5507178639476,14.986680302996577
0.19654,1051.3378969256817,15.785316044218801
0.36952,2422.8563880526895,30.250081216861968
0.20548,1028.2098556778656,15.324102636629958
0.17357,866.4174625848082,13.397077488446765
0.12688,625.6391522227474,10.537701607418718
0.28434,1487.5521450274846,24.878741260268548
0.19392,984.2866339124988,16.008503885552095
0.10018,483.13390219490634,9.204925835225596
0.37425,2212.4468208740877,31.09272428761726
0.11771,573.9700557809645,10.184967012757323
0.19176,980.4981828808986,18.854767920879592
0.23684,1265.1243219970381,21.204316345319338
0.15899,826.7494366506128,14.198443177487961
0.07849,437.6763820888371,7.954943723402644
0.13864,792.6277693742417,12.523367016387466
0.23381,1209.2484517055811,18.683347959478525
0.15689,833.8714782284429,16.20937440218248
0.08806,386.3273273825031,8.305408598851734
0.13045,774.5467814305835,13.409743830975968
0.18203,889.0098582572363,13.799612811194436
0.25625,1256.9818258934763,19.688578363863655
0.21674,1191.1667516878501,15.993283661810846
0.14533,751.565341951119,15.137399801550401
0.13639,639.6364085610716,9.6143573338379
0.20515,1173.1732194207136,20.03751713361558
0.36976,2162.9496908468755,30.704858089519767
0.1294,675.0085763889564,10.377236733955325
0.26687,1474.2047660417068,20.94657947069217
0.27822,1648.3565614429785,21.943969368944504
0.17483,984.7899750870474,15.879865139035964
0.11364,522.3871238900333,8.37616932665484
0.11242,589.7609957856744,8.698091745977155
0.15317,720.604562432232,9.72563071115364
0.19671,1079.644034421873,15.910367479418301
0.18914,1144.120984511138,18.376772276121873
0.17625,966.5328951228059,13.997289564579052
0.21757,1103.7382230380565,17.623429264564834
0.18563,879.387718533273,12.863644465299306
0.16356,770.6904224401744,11.861236756400169
0.25721,1394.4537902641978,23.27690233594407
0.12164,642.8163714991808,9.981915268677293
0.16455,813.6017914067371,11.599850600900929
0.19862,1063.4731166607353,15.097165534939233
0.26821,1440.3943454723424,21.96863114761199
0.40128,1984.3020711420813,32.77305850874934
0.14581,675.274802674385,11.109386984940492
0.0549,259.12989004762665,6.309631436435881
0.22452,1361.5428144582409,22.129182617968677
0.28655,1653.300023018345,27.19668338834131
0.18388,983.9992823284318,18.182536197878527
0.10351,485.40616770052185,8.269673555034126
0.33136,1912.553301441158,30.255341858478452
0.21865,1133.5891828446233,20.20721606881318
0.26357,1266.9423222256096,21.057866818544166
0.16284,850.6692347068662,14.335323460835358
0.10683,548.0973239645508,9.616204553262838
0.16477,842.9390159428744,14.654752611061483
0.1075,552.8479820729603,10.622115766202219
0.12899,628.6457077590073,12.211155309187232
0.05891,277.80705641465835,7.704517026902836
0.04059,206.9118662413617,7.756766644455327
0.01647,73.4944139857107,5.656612497642069
0.01544,65.1222752436757,3.017835599385601
0.01449,65.53014013067377,2.9329507229570217
0.02676,121.78875729345587,5.93105132575668
0.01707,74.32417017743288,4.231346764098767
0.04296,167.42053867783676,8.059288919013623
0.01596,59.840790871020346,2.832993636830507
0.02474,112.18769732763865,5.598969706619222
0.03762,188.64007694857136,6.245750221720404
0.03031,139.14472826196484,4.187520655603983
0.01025,47.411255115266066,2.6554229273146044
0.02827,133.1505637073251,5.724320143926107
0.01045,50.43976163412344,3.3747742785414836
0.03671,158.19484765079153,7.044472130683844
0.03449,150.3671263825983,6.795115763163035
0.01224,61.98040737032181,3.0008524635657916
0.02484,115.61381114547103,4.52551277617545
0.01948,92.83249239043313,3.3338103929905163
0.0338,143.63361165809928,5.767563587374886
0.02922,145.57533787258717,4.809649462791493
0.03375,160.38532543396863,5.386987283613272
0.04016,182.66145385181127,4.755051156970713
0.07472,323.4986284253354,9.542764011260692
0.05491,213.71884477497557,6.186987622359198
0.02419,112.04922366028255,4.347383989427657
0.03358,171.13356137178408,5.502179445194531
0.02818,124.43584661096189,5.490880660891652
0.03213,163.51552643164487,4.941769796860846
0.03341,146.70291962419924,5.520994125845162
0.04497,218.31014189802363,5.30338968053201
0.04205,193.4459452154993,5.644058604799875
0.05592,314.5887392448853,8.691863198042078
0.02066,92.33906350212084,3.2682207887800527
0.03154,162.91844795803036,7.3735574241775925
0.03917,191.68699512992532,5.280353236860353
0.02602,116.60610951309609,4.0965641725953015
0.0259,128.66244278898296,3.9397640069683066
0.02683,117.98514256658238,3.98206064305381
0.02395,104.02408147775266,3.497475989827482
0.05097,243.60953814208406,8.635847685097634
0.0389,170.2828621674056,5.137241866598452
0.06905,343.7088434098158,7.857047010607366
0.01773,79.83042496920181,2.933801812031137
0.02524,118.047706146456,4.904054634810111
0.02146,99.68505281521814,3.468517313680023
0.03079,129.20644897827728,4.652012647983735
0.06839,394.0041671408333,12.672051992799735
0.02334,100.57158271869159,3.541742372729074
0.04921,222.61935780380202,8.438632416740832
0.0308,146.16970313971447,4.403145111674719
0.03344,163.55450760910958,4.333812403489113
0.04362,206.09995877138374,6.36217006572587
0.01496,66.6658671669378,3.083358091070243
0.03153,163.59070002097326,5.910732423051837
0.03712,183.26719640998354,6.379369129849299
0.03597,173.47653550098437,4.885277593709025
0.0228,111.04637632565183,4.201175852595395
0.01408,67.29404587346637,3.0015523905167787
0.05884,278.2995212902672,7.3385655584448966
0.05824,258.01621483562985,6.154918716570233
0.06884,314.27889606177524,11.815461276150922
0.02167,108.95944449746163,5.355609635207497
0.02885,123.95284184273332,3.724559053652223
0.02298,107.95312204619891,3.922638434853977
0.01504,74.28528721515983,3.3835341852660528
0.0321,155.19346912287415,4.32152714582991
0.06416,282.9479876918629,6.903129955928379
0.01668,80.92402012834972,3.283452058909412
0.05335,238.83961826418314,7.238646864875412
0.03185,138.28414830039114,3.9357938412778033
0.02656,122.55665940198608,3.7321004017186055
0.0251,103.34528302352867,3.826285407540426
0.02419,115.03152476250855,3.452745864050273
0.03659,160.32746082173006,4.33247958884269
0.03411,147.8840848621807,4.656889541658988
0.02453,103.28563305450308,3.4849109220140027
0.0173,79.72882859835592,3.4741044486838244
0.01595,85.99800880634847,4.0380354912949095
0.03156,146.84690878682338,4.350311799342299
0.03753,179.5401894753013,7.158694217993845
0.03002,120.83671807366572,6.908620702825947
0.01681,92.61920503887093,4.2216893439673395
0.0354,160.25364923025234,7.303843678291286
0.02968,126.0297230307126,4.683944326107154
0.04943,214.66144493090007,7.936278377447985
0.04119,190.18896238037024,5.291097762349896
0.03266,137.001896258917,5.413115486068655
0.02662,126.27300969313971,5.637161484442807
0.03043,136.2023251207188,4.339894520868634
0.01708,76.02397578590531,3.393054591278638
0.07029,284.2171419536515,7.162544856712138
0.05351,259.31763332740076,9.906826082870362
0.02739,131.0736934496382,3.878795539680779
0.03513,147.65325715386805,5.1401786016700575
0.03276,183.7260214821333,6.510308270643629
0.04584,235.75220500468336,7.34083678629592
0.06143,315.57143033200356,9.096288042887242
0.04693,226.91966408715345,7.974747867462606
0.01994,99.50688504675422,5.475251593788995
0.03959,187.57661513210084,4.997491720449975
0.0364,181.27535500663492,5.460441588571905
0.03297,148.37101387764542,4.354720871219713
0.02466,107.77024615821588,3.896922603355919
0.02834,131.76163975357403,3.9587249461652383
0.00931,47.71662835760804,2.8126115197437334
0.0205,95.85183897302949,3.864430980570306
0.04702,191.85107295671557,7.774401679240698
0.03908,179.8906122926838,5.124541455677687
0.01243,63.53266830224515,3.103912529589132
0.01247,55.81429400575825,3.1378451891498305
0.01703,75.6166300747826,3.429625244167044
0.02212,99.05684866591973,3.6531988462747207
0.01526,73.31931427397375,5.89358017178431
0.01985,88.9293455743517,3.7416879509327035
0.01621,80.76129049664452,3.5999771923540913
0.01123,62.19460592136552,3.066740560758994
0.05294,259.70760762547883,8.764407112611059
0.03052,116.22096287798165,6.7504371746292025
0.02979,132.6347183742203,3.4348644301037443
0.01457,66.03066843770867,2.693362854100765
0.01462,74.2205498417344,2.828541971511125
0.04698,209.72147294419193,4.700522176263061
0.03416,167.44605318704373,4.329335529595747
0.01556,63.709927378843425,3.186829867824154
0.01489,75.42386483025227,3.0445729110602215
0.02788,138.70828118486293,3.8779439337731274
0.03295,170.78303536895982,4.083595686140176
0.0139,66.77950697443242,2.8542298933431387
0.02562,116.67848565253136,3.366015868539569
0.01042,51.001061268263626,2.5850684918532822
0.01682,82.44776617184256,3.26488870474755
0.01916,91.40559235813394,3.167492013871157
0.04834,225.27703675808354,5.050220220443062
0.0216,94.08107381339627,3.0691529169208556
0.02762,146.45561422841917,3.9372252993085124
0.05549,267.1187061994588,5.4967565592825816
0.05661,251.5907857697592,6.666260445022495
0.02187,92.66642699144607,3.182328431615941
0.01515,78.20322037484348,3.031686291243347
0.04243,191.7465237916513,4.372152290294758
0.0336,146.28189820724432,3.8669234098930816
0.03285,151.30545394280637,3.7629582817052047
0.01359,62.262339432221246,2.6843222755555014
0.05021,231.70271053623,6.717130332466613
0.01693,84.11852095065922,3.6286200114829485
0.02431,105.1086695340282,3.6716933808037777
0.02956,128.83511941684455,5.435497453704959
0.01611,72.69072561557974,3.6437718998452286
0.02193,92.30758265475127,3.6358604175880997
0.03481,152.99282578483871,4.5101886101382895
0.01673,66.92072910911224,3.1164337747083817
0.02752,139.31968513712255,4.509252187255853
0.0328,162.4510306575192,5.155520448626648
0.01313,63.85367925201501,3.0925822103403315
0.01678,75.567420246582,3.506364845505594
0.01202,49.12220928224767,3.1598093565297565
0.05389,238.80862495113897,7.2503660251246895
0.0201,96.56860433809084,4.622080258305634
0.01602,69.4287901698008,3.212511354683592
0.02362,114.14215120479732,4.691339712600008
0.03153,143.45385609683404,4.068914714664846
0.01334,53.90477549625451,2.5657889485212286
0.03799,195.18121590638475,5.602416917263271
0.01544,76.90533686227668,4.0395071460139045
0.02577,118.80679176547604,6.482406241595102
0.02045,79.16270070889924,3.6469317940297343
0.03646,179.5986090268609,4.6051497138174495
0.02321,105.28202734164319,4.121547596539981
0.01602,74.59642999512543,3.1581891872157937
0.0218,100.19921183662782,3.555564492474078
0.2305,1231.0325015847948,18.774573239503123
0.3812,1854.731090120531,25.39157215517946
0.2534,1352.447146397724,18.13121302673734
0.1526,741.0087884626548,10.13587043094971
0.4365,2552.7800447007353,27.259682080993333
0.1023,526.1336145217149,7.950097367596898
0.3712,2184.2582724815547,19.779853223440682
0.4661,2894.120279735772,25.597394936631684
0.1959,990.6614345339926,11.884403525783107
0.3112,1704.939747187595,16.424216508851867
0.0316,153.9905331027725,4.424738024541882
0.1098,562.357400634197,9.217086064385283
0.2255,1084.7115266224994,14.220419176944512
0.2604,1412.0704368393087,17.893934988564915
0.2253,1244.395725976271,17.927031623683053
0.4474,2475.4480834868195,29.510059390376398
0.4399,3054.980826665681,34.94995987808782
0.3374,1501.4598009729095,21.163725672034204
0.5283,2791.8581865418737,33.821457203840396
0.5761,3629.4233279788455,39.09681199699964
0.3876,2249.909360286611,29.164275724104
0.36,1815.333019517531,22.4446584504122
0.347,1674.5534529940096,23.111745623538614
0.4391,2198.0837876155197,24.52677711643398
0.3492,1911.378390756878,21.23472992271959
0.4305,2664.3266513919707,24.82828422139327
0.5088,2673.59006803495,29.711036709315625
0.2888,1604.4006384794288,19.494643501131996
0.1727,974.9358693780309,15.293112468328758
0.318,1831.6330780819599,24.44497876286697
0.2752,1569.4414748581275,19.346243083830284
0.103,469.918486944515,11.13140333439996
0.2049,1041.8538068534504,17.445562981733083
0.2647,1403.276785413256,18.3970573718208
0.2348,1156.9605440871526,20.38445732781156
0.2145,1053.9870374807492,18.601144900030093
0.4276,2991.340081676715,33.3216308404729
0.4019,2150.254856582689,28.60437801319059
0.3218,1349.3227551192263,18.20551611701441
0.4512,3153.75108486875,30.013468609044324
0.1612,798.4214576579376,11.343886135346308
0.3512,2061.3110477766845,24.0671516839449
0.2492,1340.8853173154228,17.37984341256062
0.0822,396.3310944002497,8.030957113974505
0.1056,571.108241974161,9.594675373762668
0.3327,2054.174441771004,23.617709175718836
0.1022,504.49594913197427,8.056904699782686
0.2928,1678.296180600548,20.976060303120708
0.1326,669.2517247624303,8.958273590847014
0.2707,1351.1013875727479,16.54135827386608
0.1004,512.6133879572159,8.355884962293535
0.3536,1961.559668400231,22.593934620145486
0.4235,2066.6004789315894,34.321514981326615
0.3001,1628.8986302516166,17.518018576238887
0.1476,736.678081793155,9.67933418933924
0.2288,1191.840377712562,14.783439303045046
0.1388,723.4000484980686,10.070237467200442
0.1436,741.1920290512372,10.016307704564015
0.0919,482.19708299426367,7.523717608585174
0.1568,880.716448683486,13.471021646261443
0.2388,1404.4339395020927,25.514108016696056
0.1496,926.3268663884448,14.384715303012504
0.5078,2916.737430470665,30.416798983959232
0.2528,1352.465642292306,14.670421957898116
0.2842,1442.585156542556,15.016339469175838
0.2368,1236.1727738867155,14.02067609762111
0.3412,1712.7328509822132,21.95282210067606
0.2641,1230.399072726928,16.777830511466895
0.349,1984.9939333888897,25.82099586649628
0.3212,1758.5599069256514,21.74556709460252
0.1352,709.4220226197973,13.176483316394757
0.3065,1874.409633307623,24.392506617437206
0.2335,1388.804069399366,20.71248251533295
0.3006,1779.5088645163853,24.785119169153045
0.3676,1944.0242907412046,22.22181640210182
0.1692,864.7543810318783,11.135275991705388
0.0796,365.11865190631505,6.500630048133759
0.1806,934.6516554070156,12.251963992427452
0.1806,922.2165878447721,12.87145421234539
0.2307,1248.855740490648,16.18663722552511
0.0462,225.7558299534099,5.8993414067259105
0.2212,1123.7447339733549,13.040499391101527
0.2006,1055.1923825858098,23.918592135581207
0.0755,369.3454772331197,7.719932002398931
0.0264,124.44707482199445,4.441461049198375
0.1912,886.6352467182297,14.620726234081458
0.1777,954.4995294339204,11.925643051379039
0.1852,1009.5953835916212,14.01478332367055
0.3491,1797.1547919184598,25.890855775876567
0.2712,1521.8515324177379,15.510896672966972
0.2921,1212.457275245144,16.591136337503553
0.3704,2003.1416529462958,20.99815453980555
0.0963,485.69647925027834,12.629255124467477
0.1808,889.1478118267538,12.437863932397546
0.2748,1423.7136762263601,18.823899731195798
0.2454,1389.257106064388,17.361376953716043
0.3618,1785.8933791146667,28.410579573271868
0.2318,1239.0145987341643,19.18176743947259
0.1466,751.3531481017358,11.117871632158495
0.1592,833.7938784529643,13.321443392989073
0.4198,2503.4386237063018,30.718146500310816
0.3192,1689.7995069360463,26.921646918628525
0.5196,3006.4479624763926,38.41096424999649
0.1506,760.0764789553265,10.014861570529321
0.3026,1669.6846326495029,26.499069712018493
0.2106,1109.0295768901294,14.70595626285143
0.2396,1107.043284400619,16.319879677511565
0.3316,1803.9390401189626,19.953208809069817
0.2006,1092.396878027697,13.773129733237143
0.3606,2135.7382056232195,23.469266199964512
0.2426,1438.598518753441,17.12896689173356
0.2212,1182.399699788325,14.322735755648312
0.1206,593.3058088644626,10.13900724197369
0.3412,1527.0930887506365,22.798733640483892
0.2504,1286.861064526484,18.309809881445155
0.3804,2309.7923394874956,24.530627439222318
0.3106,1816.2934503925837,22.763494065526924
0.1994,920.8266867248072,13.924202031895284
0.24,1281.1867181845591,17.651682688281454
0.5027,2485.383146507551,36.70622620919621
0.3701,2149.235077576547,22.39857887357309
0.27,1482.7439615562378,15.356344806975358
0.2631,1461.02103811594,17.836491092452146
0.268,1356.6688442782809,21.36800027438553
0.308,1916.1003287450483,20.238549680643786
0.25,1502.638781581181,20.787577287765263
0.2804,1544.2452316959414,17.63220592167994
0.3148,1824.6666129280818,19.682276836572058
0.3288,2139.7978615524053,26.3715866593274
0.3297,1814.0749862370599,21.17374731674703
0.2588,1517.0279418441771,18.28175929240329
0.2246,1084.3694639092384,19.35422747381923
0.2102,1219.5955849538852,16.466606022188202
0.3878,2088.9745372854873,27.464192470214883
0.3068,1734.5443170896015,23.092741566364854
0.3652,1974.0088870088675,25.864984635574622
0.2488,1343.2065062032568,25.78831512999937
0.2988,1494.8807489518763,27.21485315840795
0.1238,642.2999536430058,11.180727100992724
0.3312,1645.2454058900496,19.813085180956065
0.3826,2039.1303688031594,33.22978582171062
0.2406,1305.997964510081,17.440847173223
0.1712,880.5226904690082,13.963428243627066
0.2088,1151.1573540703698,15.16086943722977
0.2896,1707.0683002222775,27.688209358838197
0.2457,1323.641605721813,16.884064929629673
0.1361,719.2481715477696,15.87772511636628
0.1505,721.4215252155053,11.109926300212486
0.1187,555.0418282484565,9.511254921970261
0.2448,1230.8536812329974,14.917352284092669
0.3503,1884.1532647386084,18.67936406695881
0.6192,4256.958833229458,37.02563892006752
0.2196,1185.1516268193402,13.09994820647157
0.0994,545.3000452160063,8.99017840857988
0.4098,2274.0069883744686,35.154198966482944
0.5025,2793.7221932036946,40.40466758751725
0.3815,2101.1351760409766,26.735394257003367
0.2797,1432.4025446987337,15.958547531708438
0.2307,1011.3950322454418,17.83978287788536
0.4269,2463.2260089759325,33.44148785613282
0.5501,3051.001965183857,35.022442579851244
0.3253,1877.4221977921488,22.711832382228113
0.3509,1977.5806144695487,24.80810753599466
0.3283,1803.631336270789,28.679305320367998
0.4504,2052.7463105101497,25.125854657522964
0.0642,336.3724983531574,6.309527767849236
0.0655,298.7729715047298,6.062764210885002
0.3185,1773.1428346025045,19.440900839323433
0.1453,874.4996237952087,16.830375452135186
0.1396,703.2112087540914,10.637223967322347
0.4294,2542.8326919695032,28.704043316385015
0.2166,1035.5071182923316,12.735257964318155
0.3666,1747.1125756007252,28.132907790668153
0.3806,1952.336413708688,23.666305122156356
0.4206,2058.204277234668,27.61949489766675
0.1996,1021.7632873737404,14.988250107066955
0.5106,2105.998533882859,28.2559875395044
0.4267,2501.938004647826,29.00915474755857
0.3156,1728.6406600547075,23.06093745642775
0.5779,3020.665156079398,35.97470346374865
0.4812,3421.1045915189466,37.05409626708845
0.3922,1918.554382205936,25.21629143692945
0.1735,809.3840491959928,10.81624853192954
0.3302,2011.4119960920084,21.69088435545222
0.2996,1920.7923117019059,33.56708813071858
0.2296,1207.1000851367094,24.264030654259457
0.2927,1613.615753108118,24.24479275411404
0.2085,1072.0212848821348,12.889535825068766
0.2749,1360.545004582322,14.561161390642534
0.3032,1733.7199818636407,19.261522764042677
0.359,2219.9229976879565,23.7439053626469
0.36,1685.6783517502377,27.85766118114532
0.349,1964.829907546646,20.937084798609533
0.6304,2809.943565359647,32.27426117769122
0.3207,1955.9204837738987,26.316273373137697
0.51,2668.487331949149,27.229101270188288
0.3669,1961.8462423230785,21.88514687886242
0.1384,712.8079691443438,9.060347647477752
0.1792,1021.1642326568335,13.85814343431047
0.1717,860.5518417818371,10.893545248113744
0.2708,1318.5790838884877,16.078448240123773
0.3473,2011.7768267761226,29.642509799101752
0.4796,2721.874147164685,28.92516389788749
0.3192,1868.7234998066533,19.540180845524482
0.5192,2756.764425245396,31.827919495360852
0.3802,2093.7921600615973,22.76803751381442
0.3712,2133.8771900615548,33.60218875467789
0.1808,1041.3102861899993,15.632693376487296
0.2236,1109.7563729613846,16.36446814815071
0.1412,718.7316747022724,18.925386133862073
0.3055,1606.3306653675918,19.250709504989313
0.4045,1872.4239986876103,23.697045822597307
0.2856,1528.649723364431,20.9993789894933
0.3012,1598.7915041851095,17.623623694361605
0.2637,1381.1690112247275,18.677617040405895
0.5006,2631.687735802912,35.95766461582492
0.3051,1669.912211340878,17.630084178774858
0.3857,2156.1311635094808,22.22103976622581
0.1985,1049.876714403595,13.200870793499238
0.0906,453.59286335742786,11.575425948547371
0.4774,3419.8433246088784,36.78059172542312
0.3312,1759.8383566173572,19.470222361019488
0.4712,3304.1485952522858,35.6147556846445
0.3306,1754.0397805705377,24.75258465437098
0.2607,1490.0321595873093,16.720913849389888
0.0713,334.72773228966287,6.611116117187852
0.1812,952.6984680354708,13.12027501896499
0.3379,1817.8272915163648,26.810587362432823
0.1221,577.1697174709446,8.728578828910331
0.2501,1287.740766802792,15.765492870440779
0.1604,924.8450876883389,14.881718361632135
0.2988,1957.9433257330168,22.6505368264635
0.3892,2087.6898706229085,23.52335021007706
0.2928,1497.8007562686212,19.61547250974485
0.3288,1694.6627366107562,22.46461545462488
0.3056,1603.5615326266927,21.618286326567816
0.2858,1526.694399982955,25.34080827366807
0.4292,2260.900764068878,27.66497834155003
0.1792,963.9940408818659,14.410065005881785
0.1896,997.5192690400822,13.86989714347237
0.2488,1357.0230868935562,18.283903305040795
0.4096,2393.6625141321365,31.727805533017857
0.2416,1176.0216267366086,15.995646744897677
0.3376,1779.7936137705194,29.392583152315723
0.0706,386.1100883746123,9.499727735487726
0.3456,1876.905199340406,29.619705292104918
0.3306,1604.2952542984815,23.328706827163295
0.0547,260.47611228367646,5.644484202830433
0.4231,2340.9318369098105,27.589881803445362
0.1072,539.9997266786141,9.529346401871372
0.2854,1702.1284349528335,22.149506624333267
0.3254,1757.8895878521296,21.615415645536597
0.3347,1733.139335026151,16.968465548045668
0.2907,1684.479461632259,22.07249510707749
0.4404,2490.7783317065964,24.459989081305682
0.2411,1310.5619439077338,14.107342359471055
0.4607,3086.2560262816087,34.01058874867437
0.1194,573.1923648312343,9.34422002106371
0.545,3919.498990670802,44.01340496818246
0.4114,2416.9889689743177,26.490232888882627
0.2688,1510.441755758411,18.63251545549007
0.0502,234.5396578161952,7.065067397480027
0.4118,2246.9266253785627,26.95055710957914
0.0736,348.80236396982536,9.261763171662777
0.3188,1864.4710276134804,26.5682522428562
0.4198,1976.4798997894452,27.397745598774446
0.4208,2905.3950963839375,36.197895258760795
0.4392,2519.1988505909244,32.532939757676
0.4804,2798.1722648759373,36.63794322978149
0.1998,1053.92181442694,18.09772313976121
0.3018,2006.5063242338626,27.875049444256543
0.2902,1486.0438503657936,22.09239189866219
0.3092,1569.601881957529,18.39337600776049
0.2956,1735.1662014619399,19.89847587533679
0.3386,1875.9970598257778,23.36104100303105
0.3782,2108.1309381819806,28.654800303162045
0.0896,433.7103562701456,8.433008995197124
0.4507,2751.451732689747,30.71050732120327
0.4604,3079.6802034120915,31.93741321773204
1.206,14414.531176911116,84.61223712014008
1.33,11411.738073604034,68.58470718225819
1.54,12903.257428250208,82.52954854980419
1.55,14901.1581016127,69.29094262572201
1.7,15386.283058702327,98.11426385711488
1.8,11881.47296424792,73.42864959992318
2.26,12019.27951837674,85.58049731459711
1.914,9200.553414748472,70.99839784047435
1.3,9905.893593926818,52.28604101714022
1.34,9326.031521491786,58.8412008492424
1.02,7700.981849726389,42.50369474409088
0.735,4257.154335330453,29.208202310737235
1.12,8304.333098423145,45.4889763631476
1.23,11622.521060431684,74.99854199520459
1.23,8986.460253868427,60.45529692636214
0.854,5717.689175852908,40.67281863321425
1.37,11469.381709307769,69.9951650411186
0.9752,7281.255261533025,40.93284716362078
0.97,10433.696260573099,70.76483060821103
0.74,4702.469661937486,29.387032994794602
1.39,9318.609692675951,71.89573987181278
1.305,8394.660213768608,51.42461969465776
0.935,5586.606944061479,32.711628719338094
1.014,7082.9879053426275,53.47759006134643
1.315,10110.36497273314,63.64754166530949
