redshift,dL_riess,erro_riess
0.50349,2782.754789056141,21.11846207874494
0.4952,2789.4397912953114,19.538048782974503
0.6782,4447.002232071667,38.23370900649003
0.8672,5004.212933728921,38.34829525577985
0.7992,4924.70368017507,39.61092987503402
0.37129,2045.9944732781387,19.536007874769044
0.35568,1850.1104338358086,17.62790912804098
0.28391,1389.742282243069,13.545960582333196
0.46691,3077.5418595064743,28.21465838096052
0.94791,3763.743457213694,40.47188578494372
0.69391,3934.054316372903,36.69371558360718
0.89791,5851.22778466052,43.17860180277136
0.78991,4819.191937413913,38.440260094708755
0.59091,3242.274721666054,31.86309049900088
0.2102,968.1850722281249,10.36971514082323
0.8592,3977.6976997026068,30.938390030613526
0.5592,2889.7417352889584,22.86986816162033
0.9972,6793.276753822271,43.13093392784832
0.5834,3458.6427853094715,24.092142783935643
0.7972,3409.2910876064275,28.325585077906076
0.9142,5971.026284026361,38.09132742828691
0.94921,4476.824308091738,37.547430985396915
0.7342,4266.439556227939,30.36979086780099
0.7662,4194.49465260479,31.813845368958052
0.9842,6513.577493070893,46.44259713735023
0.7012,3750.2064838227693,31.200192128010517
0.83716,4591.638846868998,48.617862999101696
0.37016,1915.4540447390893,17.803078851423297
0.35816,1748.3889035902398,15.208090162660033
0.52216,3038.232609505217,24.23380258821643
0.70116,3328.712910217335,34.801148621545266
0.74526,3884.9823242112484,31.90019250016731
0.59116,3264.911180151418,23.572972234279646
0.62039,3412.577922742216,24.080688415962975
1.0024,6043.817047594752,52.57321495503875
0.6104,3683.5837189379868,24.93466722090775
0.35819,1757.347994167808,14.47140240720598
0.45138,2093.719700317103,16.95790478487765
0.55239,2647.631203023873,19.901662020266407
0.75039,3817.064108126208,32.51500819543823
0.82238,5364.832368108992,34.45889469808106
0.95039,7262.672083401987,48.511663342435305
0.34039,1736.6620628022156,14.457631582223597
0.8104,4199.429529940928,38.78293828999921
0.61191,3751.4563836954426,33.12449389104242
0.54891,2591.4818988994143,23.833747479741604
1.02991,6976.465991238323,47.07480685215293
0.42291,2174.3092190776947,17.878118351254592
0.70191,4443.758844753542,32.63489408326452
0.68591,3860.1850102126145,35.897562763612015
0.93291,7382.334261870335,45.678362802424274
0.74991,3902.0134687094264,30.315867797871434
0.46891,2590.3671988781557,19.310303666387583
0.95991,7555.164875165654,49.35000099058298
0.8412,5209.12069251839,38.54365161316543
0.5632,3060.5070278924186,21.83972463627282
0.8292,6563.997949582578,42.743807417508805
0.57921,3120.1744518932537,21.281279602968084
0.8652,5813.148160956467,38.05212892577634
0.8592,4365.055917895431,37.81327336892704
0.58621,3514.0051370768697,27.661923917212484
0.4892,2680.689979104294,19.9955756714399
0.68921,3876.049385528454,29.98718595173791
0.32416,1654.0544156253,14.024268917571431
0.18516,877.9879768727079,9.523338420783391
0.68116,4119.96402646372,30.873059760258382
0.92116,5482.217287946687,44.21112140841106
0.42816,2493.8195618783816,20.995065448109113
0.69916,3918.4679290918316,37.409491388861056
0.57516,3230.789260148803,26.805495295183928
0.51116,3244.109140252606,23.83762717003734
0.64116,3934.3465969152444,29.429338710395637
0.35116,1995.0930778666632,17.80290740008492
0.34916,1930.165321058406,17.106785597810546
0.35486,2002.7437902485678,18.490898732771257
0.87116,5942.851031444394,35.12313219916441
0.92516,5283.702467011509,43.49136696942792
0.4194,2329.4864764283247,19.74016818470698
0.89038,5725.23169504258,42.84736222219311
0.48038,2562.9183637253504,19.095113271956723
0.58038,3349.5249075259244,31.458511118221104
0.80538,3676.057202257053,33.10547449682991
0.66438,4258.409764493136,30.537200830485407
0.74538,4535.467251007828,31.6729210849451
0.7364,4407.607906484538,29.046502978562945
0.37039,1819.4331846237935,15.78911321166462
0.85039,6049.898858875218,35.9171010719014
0.21938,1059.0087504770017,10.845573836381439
0.64739,3489.751484276938,26.20324208398706
0.60038,3161.579889904033,28.898401133093866
0.76039,4073.4927970383847,31.704652108687057
0.47039,2655.5710004281937,19.367878500267704
0.49791,2717.9216035546237,23.47874987615737
0.50791,2702.5534974282914,21.38671877916243
0.58791,3354.811405496317,26.410372124064526
0.69992,3575.8444440545272,29.54735845479335
0.76191,4349.63873976678,31.56342168439247
0.78891,5266.407869403845,33.142039783418376
0.40591,2336.38059226981,17.571991417544375
0.80892,5983.918860824804,42.75475657757667
0.58392,3656.942901907961,25.176564646631636
0.72091,4255.562300000621,33.48863782235079
0.83791,5839.491001482678,37.37158657790581
0.80691,4241.365279048158,38.502251431534326
0.50016,2863.8004308507543,25.352004096009107
0.53316,2607.1431057189175,26.400126948801407
0.82116,5203.685402305436,53.61840509407036
0.12516,560.9714576002253,7.743257187127953
0.44316,2321.335110393582,21.101586766585836
0.68339,4230.035643712508,45.34649705560879
0.72639,4237.7547727920255,32.821759993262
0.40439,2201.747010376768,16.221041874459505
0.69038,3221.223812105405,30.389692524974325
0.57639,3204.855613882485,22.5872481698808
0.72039,4184.972807288642,35.487622557806866
0.55091,3095.059799302079,23.19384517317453
0.8489,6024.599137234893,48.695253665343316
0.43591,2127.791476903815,16.346778322036776
0.30191,1602.912619219496,13.214675395880256
0.58119,3590.7653144764977,28.48073387938236
0.34621,1901.2433924790712,16.14380139573946
0.3312,1620.1506232974264,14.843343812919397
0.44939,2643.6001173346376,23.770183988388712
0.2916,1406.954921499824,14.478244849102476
0.46109,2540.5175722227855,30.196764439045424
0.63291,3784.8068620618083,33.37337495360744
0.26891,1236.831551664597,12.202167314694284
0.92591,6025.947982520227,50.10903915778806
0.62591,3577.9512759720797,25.29061719587727
0.60891,3531.3031416837202,25.300155105202307
0.57891,3124.518024041004,27.54457261506941
0.7202,3945.111608023811,34.869986009548555
0.7672,5426.902912844475,35.68642226629448
0.3682,2026.9101022937834,15.06061120072768
0.8492,5150.970745714806,35.45311386662344
0.77721,3803.498965032292,31.404231317235375
0.58421,3236.8599368918763,20.542513448968407
0.5892,3236.904970362195,24.923755395755286
0.7692,3987.506747363652,33.22817181578968
0.5142,2966.538004331904,23.29192881513312
0.63821,2791.074182379637,29.629866394131888
0.43521,2345.1970844817656,20.706686703990794
0.58421,3505.382369509462,28.669752862965428
0.66259,3627.2920260689607,32.778140956137264
0.62116,3335.162312018441,33.554739779504146
0.41616,2275.52977303476,18.298804162141813
0.45117,2088.974641971808,19.15893224605634
0.73316,4890.038370052689,42.10335641661978
0.74116,6269.988533112902,46.34626912665766
0.34916,1595.769216748502,14.97134169119099
0.51416,3155.0660775102183,24.930519014904085
0.64339,3640.6458140698255,28.933303022294634
0.4704,2289.550399380716,18.903967065195932
0.26338,1223.4283222814606,12.159652514854887
0.7424,4056.134109984338,35.1832780718401
0.91039,6273.398515176305,45.45563508019173
0.3374,1714.991723387901,14.307706232828451
0.98339,4311.693531400553,39.81797404319205
0.81338,5532.688136750208,36.816670338464824
0.8174,5452.842917641812,40.753158759126265
0.96038,4345.931284391648,38.70028174771251
0.75639,5827.348722538084,37.4025425488129
0.87891,6360.095974941687,44.63819611841551
0.80991,4280.758359392276,34.11859410911512
0.62791,3335.768008515896,25.10838788685697
0.93491,5114.793449089833,48.115482321277916
0.69791,4498.595676302851,31.537214456885387
0.76791,6322.507587168082,46.46468966681941
0.86491,5115.154593551266,39.91491512638344
0.51491,2936.0771012984515,21.422841570292515
0.47091,2886.3658229920707,23.96265435046872
0.92891,6412.428839952478,47.56155517813777
0.6312,3261.1927688208702,25.472539950223002
0.6162,3338.0285336932734,26.246229258341312
0.5652,3280.7789896398463,25.627332422496107
0.55819,3085.5333408857246,23.656684891114583
0.7362,4345.1197024480425,35.37309849534108
0.2622,1201.766506116573,12.84605396426751
0.7622,4240.5217667496145,31.4313556935985
0.8592,6427.872418084774,49.72428008797142
0.5592,3542.59134688129,29.190817148689742
0.48016,2563.25601358946,18.692308046379125
0.92116,4145.9084585100345,41.653212739174954
0.47516,2533.5303565265954,18.906950653447463
0.89216,5648.073221378594,44.12838003731305
0.63116,2749.9712091745705,25.147448174639752
0.73516,3891.456574417512,37.47211379609276
0.41816,2136.2614279148424,18.470472357472186
0.53516,2831.884729981437,25.241669169377356
0.73416,4732.962200931897,35.55023164230283
0.60916,3385.5312708237575,30.46982218193648
0.70116,3922.4732636271115,31.876066138105113
0.98216,5940.716265504454,44.57937972625518
0.75816,4562.21956317884,34.18825843213163
0.64339,3728.686478819812,35.36603243643346
0.51539,3133.8847410073045,34.570606841377376
0.80538,5185.195755525526,35.692759163988875
0.80039,3134.5895212603828,27.761791818048266
0.71538,4039.8095739786677,32.34513408381192
0.76639,4557.760259217169,38.195551972187225
0.90139,6588.567057121105,44.238864912340944
0.71839,4237.455195007951,28.97776659767962
0.57938,3160.6198547975528,23.937578136012903
0.96038,7455.152917885917,44.15064320307204
0.64839,3246.2012939920883,25.49782418823114
0.93639,5364.680228400002,36.85768490294586
0.46138,2552.656933527816,18.37825141770183
0.67039,3805.1127180344474,35.12484880500103
0.24639,1228.623929326959,14.010186894667347
0.63892,3240.5522073355855,33.54319099610254
0.53591,3165.680054232175,21.58301794578496
0.77391,5422.900205284995,41.0991681531984
0.37091,1925.1802689730434,14.789116759914508
0.69992,4649.799548399853,33.905380345821186
0.37391,1977.5225597071433,16.10470579923357
0.85391,4532.257665218185,34.994110220972665
0.60392,3655.7355103943523,26.929532704873964
0.53491,2650.3594356979156,21.361072370219322
0.40091,2017.8320782772523,16.659098044236828
0.37191,1962.278890103024,15.523560805186369
0.84091,3951.3738062742327,43.10523928939688
0.53216,2952.967941002013,24.651965694725003
0.93116,4796.042181125086,54.50756531250829
0.55316,3207.0226173287806,29.015530748658495
0.84116,5270.884095414927,49.37455853456913
0.72739,4316.911817014025,37.93554951060728
0.44238,2459.5545810313406,19.836408518009254
0.2824,1476.2254712546692,13.025594503827179
0.5194,3087.202337111232,20.664604029243137
1.06039,5866.111971678569,40.11019048176491
0.26838,1268.2633826923882,11.516158677700973
0.2504,1244.4688302036027,12.613881722105802
0.69892,4213.671858669042,38.20038072466172
0.73091,3691.3080244153566,30.565732408325992
0.99891,5988.805536582545,38.595803574007284
0.40991,2195.0420592869173,16.580522745847944
0.12694,600.2900302598508,11.951517686122601
0.25609,1250.7528629761277,24.06377502419024
0.08848,381.82045367984597,6.724787220267868
0.11797,507.3644992203232,7.98795518826896
0.18322,827.7393117463915,13.09258138571719
0.1407,677.5253060758288,12.682576117648193
0.15186,673.2799641822111,10.055768433546032
0.09401,443.1635552000405,8.78056814577602
0.28662,1626.4138290112678,24.975737703472774
0.26349,1512.6738419827645,19.926053813820175
0.1431,662.8795454964602,9.87851898896699
0.16035,722.1132110158276,11.341922724154768
0.12303,540.7935530820092,10.408724167238969
0.12608,523.4052032899548,8.962176975125855
0.17315,767.1791806690234,11.1881170269155
0.16431,714.630757901253,11.140476449298584
0.1599,684.2428255822289,10.813467039587227
0.24448,1107.580925681299,16.48223146942601
0.24835,1129.0833372252591,16.95909784584372
0.27544,1296.528142088528,21.508561653893405
0.33051,1636.7016133606999,26.546267273308644
0.33103,1422.2531607726892,25.56176151683264
0.16059,694.3208123542183,10.428540978572318
0.21887,1028.6925460535347,17.24337586135889
0.11991,529.8971654356407,8.1687413019005
0.17839,983.7478252289557,16.828238193226397
0.27923,1474.3063523689063,21.37477375430971
0.18581,896.8884482048384,14.144454074614206
0.06651,286.27997094287224,6.269692176115989
0.258,1201.5823852820947,22.114695615208625
0.2798,1149.3886065244176,20.759068385440457
0.26576,1308.7135632000873,18.94691122328265
0.185,880.5649409262525,12.723580918590338
0.05631,243.54462006226854,5.523804675659561
0.3264,1587.0308784768808,27.68280295566285
0.10886,505.451372593512,8.891055938985144
0.20323,970.5008891253599,16.63138648558628
0.37986,2011.9406289162341,32.586096400891456
0.2116,911.6785485458134,14.776012210517884
0.21353,1016.6297104907653,17.943372327873302
0.14409,657.7654796263375,11.86038741466367
0.25249,1187.5987861103458,21.97252650547272
0.25672,1223.7200872593364,22.379463039165532
0.21885,1193.80761145661,19.096916385272678
0.07891,364.49203459116114,8.829865039935727
0.08282,402.41609828919854,8.369190151358927
0.17028,825.0184976006918,12.16675929147321
0.2367,1042.91879911888,19.288540490793725
0.30569,1193.2852397019828,24.629146290415893
0.08254,360.81360329607764,6.581337329068474
0.18891,777.5872743393107,13.346453869085122
0.08141,359.1160271926928,6.542079650849389
0.25655,1279.418634094649,23.810385974961235
0.12622,598.4714265191571,12.387099718279908
0.10264,497.65173898654814,9.242372730177234
0.12455,570.7754203497666,8.98055653379957
0.37046,2296.640763068096,35.62867566056542
0.20215,825.618894387557,13.017854930090415
0.1799,954.8078339079409,18.126191123258295
0.1618,856.8476169087141,15.351491372465901
0.22669,1043.969134963932,17.164093685188462
0.29683,1406.817208958077,22.59525619307929
0.25029,1397.9221117484083,19.928044047120334
0.14882,694.1660028136047,10.58661207768108
0.14729,646.0738819146486,9.386488619993647
0.21513,1213.87958021873,19.224141298701642
0.14478,637.1636990881561,11.203424074916244
0.13243,683.9350728911808,10.76275924621131
0.21975,1092.381180398293,16.269384803041895
0.38492,2340.8125261673435,30.691422984679228
0.174,859.0477069831887,12.249800916238952
0.17789,818.5071928130103,11.924484729400394
0.29936,1259.2866925860378,19.50923717854105
0.11845,570.9128020388865,9.336531984564546
0.17653,835.4987828412756,11.264191056788475
0.24552,1221.7168964303328,22.282036634101722
0.19611,924.5622373555607,13.641714324656109
0.24852,1166.657154333566,17.161663695832896
0.30632,1588.0052011714445,25.826950207531066
0.24637,1309.4045701024693,19.18911063191049
0.13514,699.5858960392435,11.303897379892794
0.21054,939.6506263420677,14.661326961251577
0.2363,1256.6281258591487,17.220867680736244
0.17851,840.3754008937291,12.874585060215736
0.22068,923.7404208024336,16.131533222962886
0.31494,1542.4989283542775,25.91977004403818
0.18443,911.9898987815409,13.798982745197524
0.26129,1103.5317774345247,19.735226057007033
0.18123,865.6466834478693,12.053403945515655
0.38048,1550.932679011872,28.030890709514402
0.18481,880.8090539833618,12.767960830943688
0.20847,982.5863737380337,14.656137107319452
0.17706,807.9625550534371,12.507690762028965
0.31582,1534.8485515162356,24.67870337142341
0.24973,1319.493975422099,17.14477834729692
0.20368,968.3596602328239,14.402678114743406
0.12336,545.5474902537225,8.801747718894784
0.20318,981.7190480863488,13.972258781147957
0.15339,753.4197754682721,11.360676161604585
0.33439,1776.5267110688553,27.90848083576602
0.1958,1071.4839342423193,17.51446402234126
0.24973,1255.2997227374283,19.25158504305172
0.15509,740.5151486855747,12.961729031459639
0.15596,705.4635502022923,11.879872743351536
0.15837,650.0375188709846,15.479157901246133
0.30938,1319.4839533361896,24.48377840115595
0.24857,1225.5734191655702,19.508950269304332
0.18507,837.6500749354982,16.807030759061593
0.18376,899.9726803224582,14.735663782096088
0.18079,834.6897160433732,15.747606215911533
0.17696,824.8449415867082,15.454008992309882
0.17768,814.5923527518478,13.496498825139318
0.07153,299.9004052333621,8.790155315626771
0.13811,627.3887589948425,10.114987088655223
0.1696,890.0963426590644,15.609862918056278
0.24555,921.0361114116024,17.022360340481516
0.14387,656.6456932945326,9.563317651531799
0.25191,1313.6444938730695,20.01349503909349
0.03652,159.565710712484,4.451891113496197
0.27749,1897.7304675780647,30.366630994049054
0.28746,1384.8411289469273,22.957661206164524
0.19867,990.735160330326,15.62939737304192
0.15999,725.1323891675476,11.13241769849987
0.21075,1166.9450915700108,17.460993528888586
0.23775,1206.6410924930694,16.834986857230813
0.15517,764.8646011679173,12.708233090726413
0.09391,455.0657153049265,8.785604873769188
0.15271,739.9637191895085,11.965393437217953
0.25722,1285.3679821336073,19.22578712489808
0.21226,986.5420863334604,14.578857060073764
0.2454,1145.555534864622,16.078600060708283
0.13696,635.7267937311476,10.486681112278184
0.32569,1571.5598691551359,29.376486748024973
0.10638,470.4706106238571,8.027984356199989
0.40127,2100.98022305483,33.55363682559366
0.18931,846.4835817818016,15.847413194243233
0.19726,882.5776496872176,12.662884952692373
0.12837,594.4186306564254,10.520751241038168
0.12262,553.516390711981,8.640603247604483
0.12715,591.8871196005377,9.437841488964045
0.21323,889.5258748568084,15.907191223680702
0.21099,973.2762129473405,14.574662311236212
0.26856,1374.6477956976846,21.94978325235209
0.20453,1002.7559320827147,14.323343127285492
0.2701,1329.090804348795,18.187670834809197
0.24185,1321.9326706362206,21.348164636401915
0.29114,1187.2640884853902,21.010971080348607
0.35346,1582.7380937595524,27.56933946249081
0.28543,1618.968358192889,25.355539315335303
0.21955,872.7582125656108,16.82579540044836
0.17558,829.9812526833134,13.063637366247393
0.23542,1042.004822192027,17.18684588868048
0.15325,715.4809113987066,11.429748457684966
0.21005,955.5613468611342,18.101066625817655
0.29135,1429.7011004356962,22.51450933488434
0.31376,1577.6167143234422,24.23761275366548
0.13687,623.3537557293707,10.663940546593222
0.29567,1254.7288988122389,24.047941491853944
0.30394,1444.7151702711415,23.12625316838016
0.20557,1010.4999258089407,16.295790748794996
0.1219,547.1915013720195,9.549689818734644
0.17428,780.8931699926102,12.592713875017262
0.24883,1256.9553433897106,18.407196440411838
0.24558,1148.242837960712,19.781863220909276
0.13833,645.1315800840041,11.945662726073165
0.24315,1238.3863801639181,15.445675312117787
0.24267,1173.537475659317,21.58188673629945
0.31468,1479.0577300504149,24.40760027461884
0.27573,1465.8113023817193,23.412918871217357
0.30041,1146.3319664310425,24.9995693634431
0.21728,1041.20489744972,22.692877351988543
0.20335,967.8754925084911,17.29035834323393
0.19025,796.85320361314,19.043594739348706
0.29021,1382.7800025253923,25.943589282623286
0.22786,1053.3494033630466,19.763474526642945
0.31065,1555.6809537355693,24.79821236364329
0.13729,746.5624727499952,13.644017809824652
0.08784,393.6249232506904,8.7832862715904
0.08504,389.2967821323971,8.269417956665977
0.19009,987.409971020958,14.659372365371032
0.09227,423.00970707281266,8.268018705305025
0.12903,584.687445951566,10.629546376787863
0.26166,1262.9937148284746,20.71287560506332
0.26162,1594.4445454941438,25.088773120895954
0.19422,913.8205173936879,15.536642921285042
0.14703,706.0904733734263,10.369618078618098
0.21179,1120.391366699204,21.210195378145862
0.17958,802.949213347712,12.240244044882646
0.19029,998.0404015669438,15.121439643094291
0.3388,1919.6011187508566,29.491993440161906
0.11741,544.8029907960652,8.61356931190184
0.2889,1452.2987421094151,23.464520339785224
0.26405,1244.313982016197,19.914807670064967
0.24961,1450.1583660344468,20.223086535386347
0.22967,1111.0464516319425,15.834694139698172
0.08543,379.6936320969795,6.53575436292061
0.27656,1366.0639386311614,23.999957078991926
0.36193,1820.667878914547,30.376312083600723
0.30021,1409.9769191477783,23.79499359529617
0.11635,545.3596527725794,8.904658087485377
0.15492,772.78434781203,11.587759942896003
0.25037,1376.0618888543654,20.485491218994326
0.25174,1187.1398232573115,17.032167701500462
0.12928,573.6705060765928,9.283555128292322
0.30929,1671.1572754183728,30.081739177622737
0.29888,1662.7088791555545,28.21411046192548
0.27091,1238.0183587356012,24.802373483744724
0.29353,1390.3945402098252,24.366709963843135
0.18979,844.9792660585508,15.323320162441318
0.12376,542.0305915780184,8.79199279717972
0.31288,1560.211655653171,24.869047177151582
0.30915,1719.725676035109,27.196437009823082
0.20267,923.686533742642,16.24263784393258
0.21163,925.1916987839002,13.311700306907575
0.1789,847.8133563322024,14.011498868687292
0.30354,1458.3083384469762,24.54342805119812
0.21457,1061.075892913139,15.760049360625164
0.32045,1754.5770158406528,25.986990203033873
0.21835,1062.7659147049064,17.340924108465796
0.07489,327.0451678528659,6.322196731528679
0.2576,1250.9391867843665,20.555945020018775
0.18468,781.6827509673475,14.07580672598639
0.11628,518.6625418514312,9.053689021498196
0.06426,270.7764806833747,6.733819163141145
0.10288,497.26092604462696,8.887829770591877
0.04397,173.56614174229907,6.820144771745629
0.16595,674.958554716211,12.59771948996561
0.16817,734.7481092204231,13.797196956764468
0.17063,722.1814950349282,13.341096793488443
0.12042,563.215663407273,10.059408574262973
0.13868,651.4617949699377,13.698924117861909
0.2338,1164.415630440994,20.78867242676751
0.24643,1124.8431263858274,19.53606083337572
0.22286,1153.3966851062492,20.58234502778139
0.17915,788.5123503083486,14.054923882578697
0.19718,1001.9440322187028,14.866678932949046
0.22916,1103.6864234879356,18.103723392653063
0.26451,1350.347476855058,24.903170650688512
0.10337,482.2874067341397,7.852769379494044
0.21338,1018.9800988274488,15.4965098822257
0.15653,695.4300941718237,10.595504901650541
0.2434,1116.687980105903,21.599852791507626
0.23652,1286.204165041818,20.4020484946774
0.20852,996.3519593741916,15.295056388963816
0.25104,1167.655620418875,21.808464920144676
0.22534,1137.2414406408564,17.216627107222184
0.28742,1636.514267734973,22.76512131465993
0.32984,1548.617832914706,25.362568413550527
0.24603,1226.2182902841187,16.194917700911237
0.11966,597.51822773878,10.373395880484342
0.32931,1879.839460348917,32.13230074595488
0.21082,962.5082474012785,14.635528072121048
0.20308,984.2262222064658,13.114867146896078
0.28436,1268.6071202359813,20.512913776984497
0.18037,766.49921095088,11.225009327753153
0.2607,1429.9368373802788,20.722624757923437
0.14792,677.5099691133967,9.78643579844408
0.32793,1465.5239034354943,23.461633703224482
0.24206,1437.4973710922732,20.935180965273677
0.22334,1099.6821539231032,16.161458602142545
0.1828,927.1788810924519,15.544002803935761
0.15304,757.2874164841436,10.758420857310318
0.13818,627.5943986985633,9.771217324210028
0.20735,1005.8303147245327,21.244089798890634
0.20313,966.968177680514,14.603741536483103
0.19801,857.4957017999222,14.104300862779592
0.22256,1087.5493449416697,16.221440859800236
0.2734,1240.6307269474341,20.647472693321614
0.18651,923.4433680316708,13.491267453192133
0.15935,668.3058059081884,10.409010008513041
0.21935,1074.7091313659412,15.486780278993235
0.17373,903.9607045494067,13.877106786928334
0.24436,1018.0155392658517,17.493461283404816
0.13353,605.7480519162451,8.877671377140517
0.28332,1363.1129319821896,20.268163004526794
0.17383,783.9195716680728,14.562222889959655
0.19654,958.8315578218696,15.364978447825795
0.36952,2209.6712881067588,29.238728163903
0.20548,937.7385335107908,14.926576411713716
0.17357,790.1821172845875,13.075438373262479
0.12688,570.589688352587,10.321234731903285
0.28434,1356.6636803721972,24.02053401844366
0.19392,897.6800791613392,15.556058634756267
0.10018,440.6233556620734,9.018512687336736
0.37425,2017.7754821356948,30.00462833164369
0.11771,523.4669123379551,9.971330564346564
0.19176,894.2249707561516,18.23343201541777
0.23684,1153.807094794097,20.510680987620297
0.15899,754.0044476567501,13.81311630427026
0.07849,399.16560459509896,7.8351469190919465
0.13864,722.8851172438038,12.234908414392354
0.23381,1102.8476954298435,18.12487070545015
0.15689,760.4998267740747,15.704447545597302
0.08806,352.3347101122427,8.133600607366155
0.13045,706.3950602529234,13.057758210919156
0.18203,810.7866270248586,13.458871388972865
0.25625,1146.3810500882355,19.08115691050678
0.21674,1086.3569890196875,15.597580636310237
0.14533,685.4357383436527,14.672833950622476
0.13639,583.3553378543812,9.469710334348747
0.20515,1069.946692553762,19.391462914099023
0.36976,1972.6335630338683,29.631094896310092
0.1294,615.6151383249311,10.19224090847439
0.26687,1344.490726060178,20.31099100854263
0.27822,1503.319051159435,21.28412003600343
0.17483,898.1391317684225,15.435480135687538
0.11364,476.42271932766835,8.268911039456448
0.11242,537.8684207858711,8.599637952920304
0.15317,657.1991718275193,9.608236649149765
0.19671,984.6470620386921,15.489840863515584
0.18914,1043.450739408715,17.82138741667779
0.17625,881.4884769460467,13.667615944960026
0.21757,1006.6212232221362,17.103463008496817
0.18563,802.0111312988079,12.581744050397644
0.16356,702.8780190532256,11.609633141226421
0.25721,1271.7569717018832,22.491192093933662
0.12164,586.2554985226894,9.81178503036304
0.16455,742.0136526823293,11.382056746584828
0.19862,969.8990097582014,14.724219161530401
0.26821,1313.6552560177397,21.26627779940181
0.40128,1809.7049974379634,31.56318344601934
0.14581,615.8579395829635,10.873419518918032
0.0549,236.32926852454028,6.203639729795122
0.22452,1241.7418050330705,21.402084767714484
0.28655,1507.8275417001087,26.23861974182024
0.18388,897.4180114019676,17.600583077887414
0.10351,442.69568643308793,8.151534817096957
0.33136,1744.269341760265,29.170310333235562
0.21865,1033.8456221309068,19.542898920702477
0.26357,1155.4651307085023,20.372987463556413
0.16284,775.8195627592576,13.948661462052739
0.10683,499.870700477639,9.430741715951143
0.16477,768.769519455907,14.245900982123384
0.1075,504.203352166581,10.370413136577728
0.12899,573.3316995907817,11.885816199787032
0.05891,253.36304669972762,7.514661846343739
0.04059,188.7058648034816,7.52405425720751
0.01647,67.02770218707866,5.458864388703159
0.01544,59.39222090575119,2.9754004440554667
0.01449,59.764198103686105,2.8975417507232195
0.02676,111.07266676331774,5.753708339043086
0.01707,67.78444882795216,4.11742994550771
0.04296,152.68934600499276,7.7873856096833896
0.01596,54.575449910000835,2.7968416744154854
0.02474,102.31639600518668,5.434381820350828
0.03762,172.04179491402977,6.096027831710007
0.03031,126.90150041414425,4.142609847921438
0.01025,43.23957857259091,2.6132521403648865
0.02827,121.43475736743032,5.568041102856453
0.01045,46.00160934484902,3.287959007563294
0.03671,144.27541578777894,6.8254660995761895
0.03449,137.13644914372932,6.5858860798079615
0.01224,56.52680334942831,2.9552316410083734
0.02484,105.44104894391687,4.432761264954974
0.01948,84.66423930450019,3.303958383015756
0.0338,130.99541072802418,5.616436693015557
0.02922,132.7662860826981,4.724417564474255
0.03375,146.2731552694043,5.273845321943882
0.04016,166.5892258453615,4.706949654357258
0.07472,295.0342556406754,9.261157358102462
0.05491,194.91390300940063,6.0585409425891985
0.02419,102.19010651959223,4.263564270863213
0.03358,156.0756629486472,5.389592438778911
0.02818,113.48684091362647,5.342487236369545
0.03213,149.1279325086482,4.862696437533157
0.03341,133.79465286242876,5.388101681372067
0.04497,199.1012157523247,5.242609467727779
0.04205,176.4247988659852,5.53871828954964
0.05592,286.9083401306458,8.458342713762601
0.02066,84.21422680990779,3.243003713908024
0.03154,148.58339046876566,7.138202805783595
0.03917,174.8206173220557,5.1999002349084344
0.02602,106.3460358110661,4.03543075343389
0.0259,117.3415424415623,3.90342811692982
0.02683,107.60372890367536,3.930985474167105
0.02395,94.8710898617526,3.4684031122155172
0.05097,222.174539356068,8.370312097200967
0.0389,155.2998160532221,5.049700374679704
0.06905,313.4661907722357,7.693404101374104
0.01773,72.80621288230064,2.91897642679526
0.02524,107.66078756666933,4.788029540368433
0.02146,90.91384868924519,3.4364802288206553
0.03079,117.83768198287541,4.563151751370501
0.06839,359.3360711838372,12.237693020948596
0.02334,91.72237357062608,3.504996811447085
0.04921,203.03126736751864,8.174029026001078
0.0308,133.308353648855,4.348516516133295
0.03344,149.16348376502685,4.301531140620183
0.04362,187.96539639030786,6.216661296211204
0.01496,60.799993471308646,3.038184368450793
0.03153,149.19649163694848,5.76514113051714
0.03712,167.1416696242738,6.217310064741225
0.03597,158.21248075080834,4.819043907980487
0.0228,101.27549888018984,4.126701147631638
0.01408,61.372899260715286,2.9634202917825365
0.05884,253.81218000428495,7.173118210406753
0.05824,235.31358465967728,6.059459307245891
0.06884,286.62575978914805,11.400057376613995
0.02167,99.37219443188384,5.203273238806184
0.02885,113.04633532954142,3.7003945471908697
0.02298,98.45441744844503,3.865228796722906
0.01504,67.74898714489264,3.326404694451678
0.0321,141.53812603730776,4.282051038375493
0.06416,258.05163174892203,6.7703014112987985
0.01668,73.80358352131091,3.242251895602815
0.05335,217.82432072456317,7.056471341114921
0.03185,126.11664216105706,3.9101223293516827
0.02656,111.77300180986144,3.7057357321307
0.0251,94.25201831376266,3.77098811994588
0.02419,104.90999745104541,3.4407487637715413
0.03659,146.22038211582804,4.2971535868581086
0.03411,134.87188836253787,4.584828098495636
0.02453,94.19761689544407,3.455951782659935
0.0173,72.71355589084996,3.417183312748225
0.01595,78.4311161944147,3.948845445586759
0.03156,133.92597253949177,4.300407301433025
0.03753,163.74259890148844,6.9459236969347735
0.03002,110.20439667537752,6.674160759981024
0.01681,84.46971892797768,4.127039472175061
0.0354,146.15306514433027,7.070952590213736
0.02968,114.9404734850329,4.589940273035465
0.04943,195.77356456878294,7.697122909685716
0.04119,173.45439521675064,5.208643781112765
0.03266,124.9472144004464,5.27961960335753
0.02662,115.16235355823751,5.481075682715031
0.03043,124.2179968555735,4.280365218959637
0.01708,69.33468996767678,3.337425989097808
0.07029,259.20911419248796,7.012519431578252
0.05351,236.50049243071126,9.575371482781485
0.02739,119.54062918048398,3.84996921735526
0.03513,134.6613709905329,5.033578561736537
0.03276,167.56012306344263,6.340193762729515
0.04584,215.00856636632818,7.1502892987972615
0.06143,287.80456505383523,8.83814431296817
0.04693,206.9531933104863,7.739954853544835
0.01994,90.75135775318252,5.308150187626564
0.03959,171.07190621016807,4.9348790689017
0.0364,165.32508867414197,5.3586939365503365
0.03297,135.315972902639,4.305962067569737
0.02466,98.28763265634731,3.841232149434912
0.02834,120.1680436665683,3.924203023653211
0.00931,43.51808227965606,2.7596261894607053
0.0205,87.4179161156,3.798020626586019
0.04702,174.97025807858586,7.532242425577922
0.03908,164.0621883092989,5.045920824532294
0.01243,57.942482144851134,3.0529053997737226
0.01247,50.90324112424905,3.0738511608422106
0.01703,68.96318626376774,3.3708376185110525
0.02212,90.34091969575697,3.606056190849933
0.01526,66.86800935200645,5.68277428616071
0.01985,81.1045271006364,3.676324339387416
0.01621,73.65517233331137,3.535236897290945
0.01123,56.722154749754516,3.0165873047565257
0.05294,236.85615321762867,8.499263805182814
0.03052,105.99477790509995,6.521895781337178
0.02979,120.96430083220761,3.445909761026519
0.01457,60.220685345106396,2.677791104508774
0.01462,67.68994595861724,2.8142719620328465
0.04698,191.26825657079058,4.681072740440191
0.03416,152.71261551394988,4.30121931551762
0.01556,58.10414434408316,3.130085588409247
0.01489,68.78738227130519,3.014526589502696
0.02788,126.50345594902224,3.85750807161895
0.03295,155.7559794345954,4.079587447255376
0.0139,60.90363420752584,2.82679261711961
0.02562,106.41204363474148,3.363514716869587
0.01042,46.513520695311236,2.5540144749907596
0.01682,75.19325642940183,3.2270936514903688
0.01916,83.36289100836574,3.149287302222077
0.04834,205.45509938135146,5.015266332909811
0.0216,85.802959096061,3.062865100180394
0.02762,133.56910766084613,3.920200842061725
0.05549,243.61515544863357,5.458898918485112
0.05661,229.45352370409142,6.530101114986133
0.02187,84.51278586058203,3.1645727498358474
0.01515,71.3221846543961,3.006543576179079
0.04243,174.87490810680163,4.363988691621252
0.0336,133.4106767665649,3.8556638826912013
0.03285,137.99221404950603,3.766284180862289
0.01359,56.78392844584259,2.66356376245132
0.05021,211.3153835171863,6.56475968104546
0.01693,76.71700289758827,3.5658000360019657
0.02431,95.86024592531189,3.6301551845394027
0.02956,117.49902539787549,5.294075100073494
0.01611,66.29472968205489,3.566431285803139
0.02193,84.18551593587459,3.582134447099771
0.03481,139.53111545946305,4.453882838894009
0.01673,61.03243032511085,3.069156915045382
0.02752,127.06106298070844,4.440103158875485
0.0328,148.157100824197,5.060165027974611
0.01313,58.23524761059337,3.0428435963940252
0.01678,68.91830636704616,3.442029117390021
0.01202,44.79998731851945,3.0852065977764984
0.05389,217.79605448711933,7.067417210912933
0.0201,88.07161389781086,4.5050003266171155
0.01602,63.31980919822526,3.1615435935098533
0.02362,104.09887912617626,4.585949210096684
0.03153,130.83147170771576,4.037860189017686
0.01334,49.16173954563087,2.541025899826793
0.03799,178.00738454528934,5.5013508798475765
0.01544,70.13850082271384,3.9405385340643786
0.02577,108.3530818792148,6.270734801646009
0.02045,72.19724111920401,3.57698295029008
0.03646,163.7958781657416,4.566179804681112
0.02321,96.01835012494374,4.046829722510865
0.01602,68.03275273280885,3.118195933211926
0.0218,91.38276728992345,3.517291978622448
0.2305,1122.714985044756,18.215662583497814
0.3812,1691.534858280325,24.56790846558588
0.2534,1233.4464571706956,17.640173267553305
0.1526,675.8080471359308,9.996031643472923
0.4365,2328.1630712585393,26.441436280857832
0.1023,479.83955939330735,7.877960565642578
0.3712,1992.0672204559899,19.369179210055226
0.4661,2639.4690655187787,24.93760604082832
0.1959,903.493966426878,11.71038124521846
0.3112,1554.9235298838094,16.135078454215726
0.0316,140.44103534792325,4.375972755885749
0.1098,512.8760449704026,9.066606193579323
0.2255,989.2686698540178,13.911816070404033
0.2604,1287.8235443314813,17.432174196503155
0.2253,1134.902390538528,17.42278619935077
0.4474,2257.635484402797,28.548421998332095
0.4399,2786.1756279435726,33.75918524516132
0.3374,1369.3476133444588,20.520838381762772
0.5283,2546.204928070727,32.660256816908756
0.5761,3310.0734157279126,37.74322240382292
0.3876,2051.9417241497076,28.18890635646504
0.36,1655.6033908406796,21.787283153007504
0.347,1527.2109002114066,22.387926717374743
0.4391,2004.6762401178512,23.813767882388586
0.3492,1743.1978104809264,20.671083117372802
0.4305,2429.8947856543086,24.178161466612732
0.5088,2438.343122042176,28.76684930660114
0.2888,1463.2307729627842,18.97573395361018
0.1727,889.1520805496406,14.882534728494688
0.318,1670.469220933575,23.672009613137675
0.2752,1431.3476368053362,18.828913686636803
0.103,428.57075370712704,10.814474072078008
0.2049,950.181964874567,16.920989073696283
0.2647,1279.803638913405,17.90137045897606
0.2348,1055.1605569145918,19.715037296758688
0.2145,961.2476027230657,18.011427805143274
0.4276,2728.1345786889615,32.21429853323464
0.4019,1961.0557365811032,27.645592458186236
0.3218,1230.5969784583165,17.709089045474173
0.4512,2876.2551740307563,29.121095807988766
0.1612,728.1690237583861,11.138566416935879
0.3512,1879.9380188564278,23.35758746382864
0.2492,1222.9019437248526,16.933528459625702
0.0822,361.45825406681763,7.883555851524763
0.1056,520.8569071259336,9.42098597644474
0.3327,1873.4293568230341,22.93405961597385
0.1022,460.1057740195077,7.964906840385037
0.2928,1530.6243083573263,20.380821294819448
0.1326,610.3648272409755,8.877564126485472
0.2707,1232.2191105351546,16.15210208735578
0.1004,467.50896621593796,8.245195900235421
0.3536,1788.9636796243926,21.955537383027124
0.4235,1884.7620374037276,33.04054201312492
0.3001,1485.5732070014715,17.133633891496444
0.1476,671.8583957112781,9.57255940062144
0.2288,1086.9713432559004,14.468290008971481
0.1388,659.7486854208287,9.927902081573377
0.1436,675.97516453893,9.885582627838781
0.0919,439.76896639657053,7.461635568015365
0.1568,803.2229475983811,13.149111247828408
0.2388,1280.8589759852277,24.60667748443898
0.1496,844.8201429328543,14.01764585354633
0.5078,2660.096152144356,29.46652496765484
0.2528,1233.4633256270342,14.409884026979777
0.2842,1315.6532994607555,14.756942441834566
0.2368,1127.4029691013454,13.771937793397285
0.3412,1562.0309250167268,21.30513870892311
0.2641,1122.1372910604173,16.342040930989295
0.349,1810.335983306388,24.994662793585654
0.3212,1603.825696772917,21.119518504594645
0.1352,647.0005743070478,12.818040229131856
0.3065,1709.4819029696916,23.630197486784812
0.2335,1266.6043650338213,20.072987555766773
0.3006,1622.9313731688735,23.983284878841094
0.3676,1772.9712251271667,21.602984569367827
0.1692,788.6653688815818,10.970327580950103
0.0796,332.99216818957626,6.450341035519196
0.1806,852.4124407531419,12.031355816520565
0.1806,841.0715243482553,12.60330682830623
0.2307,1138.9699721193197,15.793787702953543
0.0462,205.8917639652998,5.79968476193759
0.2212,1024.8673780528218,12.826965272246508
0.2006,962.3468905240486,23.035278964520796
0.0755,336.8470787036872,7.579967384891109
0.0264,113.49708116379462,4.363049176153695
0.1912,808.6209555620284,14.226884795785423
0.1777,870.5139170038523,11.735620502302229
0.1852,920.7619331992479,13.69716635209718
0.3491,1639.0246502300479,25.028984186375574
0.2712,1387.945093455377,15.2381834079095
0.2921,1105.7741772795052,16.162609764008405
0.3704,1826.8869002523393,20.468325385507303
0.0963,442.9604537132574,12.228810200731733
0.1808,810.9124421755898,12.188407412324498
0.2748,1298.4423048576932,18.30629093464894
0.2454,1267.0175393829418,16.928248806017418
0.3618,1628.7541196865322,27.406951487366005
0.2318,1129.9947441657685,18.60035184517078
0.1466,685.2422152529706,10.910650822134155
0.1592,760.4290549377089,12.994230754465478
0.4198,2283.1631604823924,29.69185518225758
0.3192,1541.1154666639443,25.9845515739519
0.5196,2741.9131297379645,37.024812340550646
0.1506,693.1979875467331,9.892267335993171
0.3026,1522.77048328234,25.58202259892859
0.2106,1011.4469952900982,14.37191468487864
0.2396,1009.6354750095306,15.88088978633843
0.3316,1645.2119581257923,19.448710283689064
0.2006,996.2777936398173,13.49754405127317
0.3606,1947.8163935549208,22.80968018613731
0.2426,1312.0174425844928,16.723321490815163
0.2212,1078.3613426581248,14.036476455699054
0.1206,541.101328737215,9.936697458168213
0.3412,1392.7254496460753,22.065233437625196
0.2504,1173.6312395932405,17.792144076319154
0.3804,2106.5556502738455,23.83707514878171
0.3106,1656.47931420918,22.087088328099632
0.1994,839.8039194612144,13.585236263841457
0.24,1168.4561742231417,17.173466475851367
0.5027,2266.696369567381,35.35070228774285
0.3701,1960.1256870737484,21.808391064948317
0.27,1352.2785649288096,15.083862341133377
0.2631,1332.4670232887636,17.39022660208922
0.268,1237.2966913982493,20.683623043563127
0.308,1747.504269108904,19.739648919992625
0.25,1370.422856438593,20.167381036703905
0.2804,1408.3683899303796,17.21949114999008
0.3148,1664.1157292012429,19.19981236747568
0.3288,1951.5188437663937,25.539023919694603
0.3297,1654.4560508526247,20.59411837725256
0.2588,1383.5459265676789,17.820148003867335
0.2246,988.9567049517842,18.727926489305894
0.2102,1112.2843931085567,16.047911041639193
0.3878,1905.1674211428583,26.560506019226143
0.3068,1581.9232185289138,22.381295090808113
0.3652,1800.317501936986,25.03426541388338
0.2488,1225.0188931507537,24.855662804068697
0.2988,1363.3474465885902,26.230442431603798
0.1238,585.7845198402207,10.927237820417973
0.3312,1500.4816435722414,19.283086159131948
0.3826,1859.708999208293,32.0029365069023
0.2406,1191.0842998099508,16.982008770212616
0.1712,803.0462380065624,13.609473393130974
0.2088,1049.867984716448,14.80868401853017
0.2896,1556.8647933235884,26.711803598956642
0.2457,1207.175491840757,16.46532509965567
0.1361,655.9621286384839,15.361039429124544
0.1505,657.944250741213,10.891731272259472
0.1187,506.20416365851446,9.33629659073115
0.2448,1122.551898945616,14.60433104148017
0.3503,1718.3682004494392,18.27687991749709
0.6192,3882.3925985971596,35.861287426498656
0.2196,1080.8711299395272,12.902098029363477
0.0994,497.31955193826644,8.848288826077782
0.4098,2073.9190221686013,33.855289727061795
0.5025,2547.9049223509396,38.889055783702396
0.3815,1916.258055501356,25.87542633162358
0.2797,1306.3666470862356,15.630056309793055
0.2307,922.4032322785646,17.284393524051744
0.4269,2246.4888199694524,32.25868635008931
0.5501,2782.5468631438566,33.8271295353239
0.3253,1712.229394433838,22.050177592439997
0.3509,1803.5749560963468,24.039581863855254
0.3283,1644.9313288809465,27.663723931574065
0.4504,1872.1268856331121,24.35165675525254
0.0642,306.7753645593081,6.255620298370528
0.0655,272.48418851888846,6.002712283065683
0.3185,1617.1254848837455,18.96279302383859
0.1453,797.5531359138971,16.29979535906197
0.1396,641.336244740306,10.445163395012127
0.4294,2319.090977744749,27.799019869665244
0.2166,944.3937161128106,12.514563635697527
0.3666,1593.385606522881,27.138463099325485
0.3806,1780.5519713715707,22.961082009862665
0.4206,1877.1046104467111,26.702133389959105
0.1996,931.8591933407804,14.610401234231022
0.5106,1920.6934905688254,27.31007970659388
0.4267,2281.794579635311,28.080269805560334
0.3156,1576.539019321246,22.35025861572973
0.5779,2754.879364409119,34.72288750299588
0.4812,3120.0844700355574,35.790130486144236
0.3922,1749.7423924655982,24.41368816914683
0.1735,738.1670260685238,10.653452094637716
0.3302,1834.4295428464166,21.118517268356573
0.2996,1751.7834084236315,32.306999126693576
0.2296,1100.8883618321227,23.389735388750708
0.2927,1471.635057390056,23.44447331659758
0.2085,977.6950318327584,12.669905559545338
0.2749,1240.831791610612,14.31082769717457
0.3032,1581.1714158675748,18.78629438650705
0.359,2024.5938364268782,23.082771139334465
0.36,1537.3569284638238,26.868660959037992
0.349,1791.946173173209,20.403305905069296
0.6304,2562.6989895863867,31.202232241699498
0.3207,1783.8206821200483,25.456615587227265
0.51,2433.6893714215603,26.431076252856826
0.3669,1789.2250381483118,21.29074370666558
0.1384,650.0885942389137,8.991908327172547
0.1792,931.312848945594,13.554618887464175
0.1717,784.8326075327265,10.745058815650486
0.2708,1202.558417054285,15.711327776276972
0.3473,1834.7622723848638,28.605296685320933
0.4796,2482.37872557682,28.034107780550244
0.3192,1704.2960875827755,19.076684996812862
0.5192,2514.1990373745707,30.773992596326444
0.3802,1909.5611453345985,22.144053568563628
0.3712,1946.1191271904663,32.367921212570884
0.1808,949.6862681380827,15.219236114840646
0.2236,1012.1098411850845,15.923396769321524
0.1412,655.4910779168994,18.239858481937578
0.3055,1464.9909784050326,18.747666390945422
0.4045,1707.6709826732397,22.975375954463484
0.2856,1394.1451172867767,20.371881211529093
0.3012,1458.115181686962,17.22478185630205
0.2637,1259.6411092194344,18.15928924064275
0.5006,2400.127740852272,34.65968453565937
0.3051,1522.9780375156804,17.248137144200992
0.3857,1966.4149921937135,21.643455046545945
0.1985,957.4989435234494,12.951780830708232
0.0906,413.6816080364578,11.225458739764905
0.4774,3118.934180942245,35.53175462950479
0.3312,1604.9916567493174,18.987266947976774
0.4712,3013.419333712693,34.417423445143065
0.3306,1599.70329254179,23.948155267531188
0.2607,1358.9254805325193,16.355559552104975
0.0713,305.2753200811963,6.532443365120692
0.1812,868.8713294861208,12.84513997210993
0.3379,1657.8781939399162,25.900384944170504
0.1221,526.3850384814906,8.62163254822762
0.2501,1174.4335376046347,15.410967680334442
0.1604,843.468744696831,14.482665794935352
0.2988,1785.6655359130734,22.007972350262918
0.3892,1903.9957912216332,22.851604492825924
0.2928,1366.01052491246,19.065489221467292
0.3288,1545.550784841557,21.782779416561016
0.3056,1462.465499329722,20.968985377921072
0.2858,1392.3618411684201,24.46380741781082
0.4292,2061.9660035388792,26.776852707785913
0.1792,879.1730143587647,14.052633536391577
0.1896,909.7483858309379,13.558256088148582
0.2488,1237.6197645031384,17.784407338819882
0.4096,2183.046158648425,30.62981607715269
0.2416,1072.5444709007588,15.595712388111009
0.3376,1623.1910675751424,28.33475152285328
0.0706,352.1365857823143,9.249192304002335
0.3456,1711.7578862419127,28.563920479457956
0.3306,1463.1346614474637,22.579156673373458
0.0547,237.5570377960004,5.589707565456502
0.4231,2134.9552094550922,26.718678001788238
0.1072,492.48560398012575,9.346349245685307
0.2854,1552.359582652893,21.48792370115316
0.3254,1603.2143585120332,20.997178449993374
0.3347,1580.64185965794,16.647896477422794
0.2907,1536.2635276810306,21.412068269581574
0.4404,2271.6168369492502,23.8027372672754
0.2411,1195.2466984912076,13.874955460930943
0.4607,2814.69894899633,32.87652122045384
0.1194,522.7576497621322,9.189477608341344
0.545,3574.625564336315,42.42231145208879
0.4114,2204.3201383082464,25.696111165094184
0.2688,1377.5392534674452,18.146927703382605
0.0502,213.9027101871958,6.891538256550383
0.4118,2049.221437582649,26.101669791829245
0.0736,318.1115367334466,9.009019911180763
0.3188,1700.4177868485492,25.679259464254017
0.4198,1802.5710923770544,26.480009153957216
0.4208,2649.751820513664,34.91993169156883
0.4392,2297.536658231876,31.407423092464335
0.4804,2551.9634359519255,35.323251043158464
0.1998,961.1881185910158,17.53743354869771
0.3018,1829.9555169374623,26.93517587656266
0.2902,1355.2880992917937,21.39184990325267
0.3092,1431.4939298187044,17.936907807723042
0.2956,1582.4903838173125,19.382604751615293
0.3386,1710.9296531609245,22.66004041966413
0.3782,1922.6382664035073,27.68678468786738
0.0896,395.54854605928693,8.276555558981759
0.4507,2509.353804177646,29.7197170693323
0.4604,2808.701727261637,30.921168511706522
1.206,13146.208677576662,81.54984383457656
1.33,10407.628819017385,66.22560674530013
1.54,11767.910637563826,79.49973303552045
1.55,13590.017707626912,67.11145062331013
1.7,14032.456926934694,94.38555423840477
1.8,10836.032130908316,70.83186507731247
2.26,10961.713202008086,82.34408372267067
1.914,8391.004442323625,68.37048458200016
1.3,9034.282331167546,50.75915174614619
1.34,8505.441835775386,56.88568547475769
1.02,7023.378920633603,41.37987096914459
0.735,3882.570898632372,28.52741926191814
1.12,7573.64179938397,44.23721832675784
1.23,10599.865187756059,72.30138229775031
1.23,8195.749158969056,58.384432894627984
0.854,5214.59450444582,39.45564367385044
1.37,10460.200439599117,67.56165928753241
0.9752,6640.5837226353815,39.865202277479106
0.97,9515.644084189878,68.22524211475226
0.74,4288.703303429304,28.759535600113608
1.39,8498.6730474475,69.22757643861429
1.305,7656.021107666761,49.82288111577224
0.935,5095.046088205074,31.981633843652443
1.014,6459.76174469928,51.6499100668032
1.315,9220.76244497693,61.47756492978401
